GEOID,NAME,STATEFP,year,ndvi_peak,ndvi_gs_mean,ndvi_gs_integral,ndvi_silking_mean,ndvi_veg_mean
29510,St. Louis,29,2023,,,,,
08081,Moffat,08,2023,0.5849500000000001,0.43157,4.3157,0.41825,0.5237166666666666
08107,Routt,08,2023,,,,,
08043,Fremont,08,2023,0.6782714285714285,0.5432785714285715,5.432785714285715,0.5857785714285715,0.5219761904761905
08101,Pueblo,08,2023,0.6884109993690605,0.4884624143930559,4.884624143930562,0.6241060393285282,0.4764549920654644
08109,Saguache,08,2023,,,,,
08115,Sedgwick,08,2023,0.7639516186036018,0.5264419023198004,5.264419023198004,0.7143760622474666,0.5373726840910598
08017,Cheyenne,08,2023,0.5719473746526677,0.3682780810402795,3.682780810402781,0.5064607573190021,0.39845231893296745
08027,Custer,08,2023,,,,,
08111,San Juan,08,2023,,,,,
08003,Alamosa,08,2023,,,,,
08099,Prowers,08,2023,0.7001701764444058,0.48040752212155746,4.804075221215576,0.6095517684044568,0.543304305500027
08113,San Miguel,08,2023,,,,,
08023,Costilla,08,2023,,,,,
08015,Chaffee,08,2023,,,,,
08025,Crowley,08,2023,0.5558830811554334,0.39989279229711144,3.9989279229711148,0.4111484181568088,0.4309125401192114
08055,Huerfano,08,2023,,,,,
08029,Delta,08,2023,0.7270623724966242,0.4960018609506839,4.959765300405133,0.6631194570151998,0.4555645741746401
08103,Rio Blanco,08,2023,,,,,
08073,Lincoln,08,2023,0.5786663175641732,0.3854194549088348,3.8541945490883593,0.5210159217534026,0.38196396160616936
08083,Montezuma,08,2023,0.642218645576554,0.4630923948918106,4.630923948918105,0.5636091293481237,0.42606173651054496
08079,Mineral,08,2023,,,,,
08089,Otero,08,2023,0.7654092906118013,0.5867415579907188,5.867415579907193,0.6933468949971284,0.6147233096311505
08095,Phillips,08,2023,0.7400867426212768,0.5126123188762064,5.126123188762022,0.678646930283732,0.55452844815414
08091,Ouray,08,2023,0.7357,0.55198,5.5198,0.59445,0.5140666666666668
08011,Bent,08,2023,0.761125920195893,0.556906717903055,5.5690671790305535,0.6708113629027775,0.591212231064611
08007,Archuleta,08,2023,,,,,
08053,Hinsdale,08,2023,,,,,
08065,Lake,08,2023,,,,,
08021,Conejos,08,2023,0.8025322655217967,0.5163028005284015,5.163028005284016,0.5108007595772787,0.733033905768384
08061,Kiowa,08,2023,0.5197274055417146,0.33349553931511144,3.3348828746015373,0.4499307027648031,0.35855296283626614
08051,Gunnison,08,2023,,,,,
08009,Baca,08,2023,0.6819059179525356,0.4672289514586514,4.672289514586507,0.611006626356367,0.45157489780479193
08033,Dolores,08,2023,0.6822636819484241,0.518098818051576,5.180988180515757,0.5850732808022924,0.4849313514804201
08071,Las Animas,08,2023,0.766039910803677,0.5881053162828798,5.881053162828798,0.6946272913443161,0.6055320317951518
08049,Grand,08,2023,,,,,
08105,Rio Grande,08,2023,0.8572844327624214,0.5376269747329151,5.37626974732915,0.5481847634390369,0.7375806907467074
08125,Yuma,08,2023,0.8066729520797459,0.5664158691509863,5.664158691509913,0.7260560966128374,0.6285799516891263
08057,Jackson,08,2023,,,,,
08063,Kit Carson,08,2023,0.6746980468544632,0.44247797019973206,4.4247797019973305,0.6132407749947304,0.4687664093104294
08121,Washington,08,2023,0.6891380374128097,0.45011491349140637,4.501149134914053,0.6336627390775622,0.4643323991100965
08117,Summit,08,2023,,,,,
08041,El Paso,08,2023,0.7826846153846154,0.5943546153846155,5.943546153846155,0.7140192307692309,0.5823820512820513
08119,Teller,08,2023,,,,,
08067,La Plata,08,2023,0.6778,0.46141875000000004,4.614187500000001,0.6048687500000001,0.42546666666666666
08069,Larimer,08,2023,0.7928355838756789,0.5792326559995524,5.792326559995528,0.7286368675676642,0.5833494499371569
08087,Morgan,08,2023,0.8172417276983545,0.5949867126537015,5.949867126536999,0.7727411225979965,0.6349888205355317
08077,Mesa,08,2023,0.7320126943005176,0.5249431347150257,5.249431347150261,0.6282753886010362,0.44560414507771995
08085,Montrose,08,2023,0.73463233484552,0.5122018424212769,5.122018424212779,0.6707539579997632,0.46234772875526375
08075,Logan,08,2023,0.7530931532404374,0.5440795741890375,5.440795741890374,0.7071577727775189,0.5668251940781645
08013,Boulder,08,2023,0.7884275448321602,0.6086459587094024,6.086459587094031,0.7041298657996352,0.6411280573125181
08093,Park,08,2023,,,,,
08059,Jefferson,08,2023,0.5753,0.5099400000000001,5.0994,0.5011000000000001,0.5218
08001,Adams,08,2023,0.6479647254761796,0.4390908213566768,4.39090821356677,0.5942064183840401,0.4428530731434902
08035,Douglas,08,2023,,,,,
08039,Elbert,08,2023,0.5368544783983139,0.3755944151738677,3.7559441517386665,0.4763738145416225,0.37944225500526846
08005,Arapahoe,08,2023,0.5487997743799258,0.37863782657743494,3.78637826577435,0.4850289251032821,0.392895026703457
08047,Gilpin,08,2023,,,,,
08019,Clear Creek,08,2023,,,,,
08123,Weld,08,2023,0.793707333433109,0.5712187301201438,5.712187301201404,0.7387153808463358,0.6043685592650193
08037,Eagle,08,2023,,,,,
08097,Pitkin,08,2023,,,,,
08045,Garfield,08,2023,0.544,0.44197,4.4197,0.5143,0.4042666666666667
19149,Plymouth,19,2023,0.9025859792944493,0.660959655828314,6.6095965582831555,0.8830971455489245,0.8052370733341795
19193,Woodbury,19,2023,0.8757933504356091,0.6241847240135721,6.241847240135718,0.8453174407310626,0.7764717901466783
19027,Carroll,19,2023,0.8976267304161761,0.6386258084914233,6.386258084914238,0.8712578162470862,0.820300708990747
19061,Dubuque,19,2023,0.8925975782040672,0.6968608286644935,6.9686082866449315,0.8616237419136017,0.7610260220071756
19101,Jefferson,19,2023,0.8936064666602461,0.6792920261887606,6.792920261887585,0.857336598606559,0.7881707531998278
19187,Webster,19,2023,0.9095040013209293,0.6476743386337552,6.476743386337594,0.8806994462633718,0.8473357535523637
19111,Lee,19,2023,0.8961034748921666,0.6774515996598688,6.774515996598684,0.8638735847004602,0.7771569222964144
19127,Marshall,19,2023,0.9129850399410278,0.669188738225176,6.6918873822517275,0.8862083946852702,0.8313415296886923
19195,Worth,19,2023,0.8955932800335004,0.6365550696698334,6.365550696698362,0.8708487576859587,0.7953113343889954
19033,Cerro Gordo,19,2023,0.9023033802196465,0.6450015035378496,6.450015035378461,0.8737229873254082,0.8305634902198522
19051,Davis,19,2023,0.8819036478447144,0.6605327000583556,6.605327000583557,0.8461594803033711,0.7733324686162464
19179,Wapello,19,2023,0.9037493496234988,0.6654248072179191,6.65424807217914,0.8683485519491853,0.8088431940856428
19041,Clay,19,2023,0.9079414638971972,0.65785934596976,6.578593459697593,0.8857166831842473,0.8227099909110749
19059,Dickinson,19,2023,0.8862364300545279,0.641207616380854,6.412076163808562,0.8647182677309394,0.8038328394205698
19021,Buena Vista,19,2023,0.8971688504833748,0.6480194534904665,6.480130011498747,0.8775410456280227,0.8155623709072206
19013,Black Hawk,19,2023,0.8923315467337745,0.6214436421164758,6.214436421164741,0.8422213869588913,0.8002028129433373
19075,Grundy,19,2023,0.9118347934794175,0.6517081311335114,6.517081311335163,0.8717858978218926,0.8214654259936945
19017,Bremer,19,2023,0.9072093963743507,0.6474942750402641,6.47494275040262,0.8682884791890991,0.8185724228262169
19085,Harrison,19,2023,0.8860687047148675,0.6383364096413642,6.383364096413702,0.8525328769297561,0.7945623442351973
19129,Mills,19,2023,0.9104886719184089,0.6695587575550193,6.69558757555023,0.8823548347681236,0.8335500162396836
19155,Pottawattamie,19,2023,0.9039220353525349,0.6580125347918335,6.5801253479183845,0.882379116853818,0.807240519610282
19123,Mahaska,19,2023,0.9131891362596983,0.6693825646633927,6.693825646633947,0.8836751060000544,0.849948896957781
19125,Marion,19,2023,0.8998383024715186,0.6809557346254059,6.80955734625407,0.8679771393540985,0.8360452628038697
19053,Decatur,19,2023,0.8912200339566898,0.715400432297622,7.154004322976226,0.8742617129727307,0.8172052444358301
19031,Cedar,19,2023,0.9126161454655018,0.6740897651134636,6.740897651134642,0.8910043303724262,0.7877638814104574
19151,Pocahontas,19,2023,0.9070789775052918,0.6454999843295766,6.454999843295842,0.8842080102613241,0.8365120480046079
19109,Kossuth,19,2023,0.9064178993957398,0.6516791192011656,6.51679119201166,0.8822386982456951,0.8323809528131844
19089,Howard,19,2023,0.9041152838679369,0.6501824751441667,6.5018247514416645,0.8747972787314144,0.8005895795899476
19147,Palo Alto,19,2023,0.9035760460980071,0.6589590217747112,6.5895684806491746,0.8806102434510231,0.8222700929256139
19159,Ringgold,19,2023,0.8914367255286496,0.7138083544021613,7.138083544021596,0.8756367147059366,0.8166805416288959
19025,Calhoun,19,2023,0.8996835408232845,0.6479701686410483,6.479701686410454,0.875504114198655,0.8347586422210739
19039,Clarke,19,2023,0.8873049149864429,0.7115830791499165,7.115830791499174,0.8641102231243205,0.8186773576337238
19065,Fayette,19,2023,0.9054341513209715,0.6520980901306073,6.520980901306085,0.8744751187408917,0.7884709429343443
19001,Adair,19,2023,0.8893426356538472,0.6865578803981555,6.8655788039815056,0.8580603578235576,0.7955574874481174
19037,Chickasaw,19,2023,0.9001084270538973,0.6413753924962424,6.413753924962423,0.872740972863866,0.790258967446218
19081,Hancock,19,2023,0.9102712396201429,0.645812999700705,6.458129997007078,0.8783734980534261,0.8437745757664316
19157,Poweshiek,19,2023,0.912934724810386,0.6654394135236599,6.654394135236602,0.8864901253492461,0.8351495784489014
19165,Shelby,19,2023,0.90176482334765,0.6429808962324199,6.429808962324176,0.8617846176571963,0.8178242663044132
19185,Wayne,19,2023,0.8970828323658205,0.7033778556020842,7.033778556020844,0.8773696892231712,0.8206996861347021
19097,Jackson,19,2023,0.8780174109575658,0.6895208052762655,6.89520805276262,0.8541751723392189,0.7387907934806287
19043,Clayton,19,2023,0.8950293665629492,0.6897969688671581,6.897969688671606,0.8689799147782051,0.7688978824083391
19007,Appanoose,19,2023,0.8914446631899642,0.7020609452157874,7.020609452157858,0.8715740230261962,0.8050076927297521
19177,Van Buren,19,2023,0.8822343287319737,0.66826594154168,6.682659415416804,0.8478074186318442,0.7821593950940234
19197,Wright,19,2023,0.9071511380367567,0.6461314255319849,6.461314255319906,0.8722743127085169,0.8424632417081684
19137,Montgomery,19,2023,0.9124949315965418,0.6674283118817558,6.674283118817561,0.892120278089673,0.8187576648658687
19175,Union,19,2023,0.8981125334650979,0.7125974037104011,7.125974037104015,0.8809600654613321,0.8114962821575742
19107,Keokuk,19,2023,0.911429985766379,0.6846742902846272,6.8467429028462945,0.8796483762197032,0.8268810437408188
19131,Mitchell,19,2023,0.8908700278760346,0.6257113696972331,6.257113696972334,0.8602807986294905,0.7831931631264861
19191,Winneshiek,19,2023,0.9016645971492603,0.679228508660399,6.792285086603989,0.8729842329301497,0.7827843104675761
19161,Sac,19,2023,0.8926186538194427,0.6501287837337534,6.501287837337591,0.8750314932583201,0.8060475915949049
19055,Delaware,19,2023,0.8984774083334947,0.6621266811390919,6.621266811390989,0.8709200894918583,0.7909072043850932
19067,Floyd,19,2023,0.901410786956608,0.6376817734374918,6.376817734374887,0.8715787733995416,0.7981408575760577
19009,Audubon,19,2023,0.9091822152518474,0.6469581067718831,6.469581067718837,0.852133802962908,0.8227871192499743
19079,Hamilton,19,2023,0.9126258775100459,0.6693645341334136,6.693645341334105,0.8781785551974838,0.8495123628010702
19069,Franklin,19,2023,0.9145522405933666,0.654528089832422,6.545280898324145,0.8763003902826761,0.8492643507416389
19141,O'Brien,19,2023,0.9149745592900912,0.662072967652123,6.620729676521243,0.8982316592570679,0.8351728099577634
19167,Sioux,19,2023,0.9053832963165246,0.6585457208904029,6.585457208904034,0.8896160003936583,0.8263052327714163
19005,Allamakee,19,2023,0.8897149570363145,0.6982929719484161,6.982929719484182,0.8667851005595848,0.7563923348901681
19189,Winnebago,19,2023,0.9112460676384145,0.6525261321923975,6.525261321924004,0.8870835615088069,0.836852577037604
19093,Ida,19,2023,0.8869907290686909,0.6523361920118039,6.523361920118032,0.8711957086898082,0.780217147234103
19029,Cass,19,2023,0.9002265555766156,0.6756860403537487,6.756860403537472,0.8682590738995376,0.822194043688617
19083,Hardin,19,2023,0.9125702147213791,0.6707052279043818,6.707052279043804,0.8712930605212856,0.8423315624219426
19173,Taylor,19,2023,0.9007845440020601,0.6947121644811848,6.947121644811843,0.8819885349576079,0.8178816411808028
19145,Page,19,2023,0.9123749791860283,0.6880439605500753,6.880439605500754,0.8861756832229488,0.8371492625851938
19035,Cherokee,19,2023,0.8948948571805269,0.6643391623190275,6.643391623190332,0.8805992374775002,0.8052221581188316
19071,Fremont,19,2023,0.9112880948382263,0.6870347020919652,6.870347020919674,0.8869122584634496,0.8528290285972143
19095,Iowa,19,2023,0.9108591156530491,0.661731500626097,6.617315006261003,0.8768586514149699,0.8015066940586312
19023,Butler,19,2023,0.9062320831266107,0.6413478341802118,6.413478341802104,0.8615823630458109,0.8208611214668744
19063,Emmet,19,2023,0.8991173246429389,0.6616854114480705,6.616854114480714,0.8833114026863167,0.8153165847513617
19047,Crawford,19,2023,0.8899096282500527,0.6353571143869897,6.353571143869948,0.8696738508819497,0.7792057616311313
19019,Buchanan,19,2023,0.8977704603947321,0.6425174951284022,6.425174951284024,0.8566795870134346,0.7984077058431404
19143,Osceola,19,2023,0.8943187623530813,0.6507822043411924,6.507822043411923,0.8741818526377635,0.8216032500927053
19073,Greene,19,2023,0.914255967998901,0.6572098709737926,6.572098709737943,0.887376595909445,0.8536656880220759
19087,Henry,19,2023,0.9036800207805243,0.6713654089137072,6.713654089137099,0.8713629413566242,0.7738384978586604
19119,Lyon,19,2023,0.896989617739862,0.6531950721127536,6.53195072112757,0.8750822208204437,0.8183496003500786
19003,Adams,19,2023,0.9038093406218249,0.6882055232566953,6.882055232566928,0.8801482229012286,0.816622958651075
19133,Monona,19,2023,0.8819771476130988,0.6312877425831576,6.312877425831531,0.8487184110291555,0.8013638695807828
19091,Humboldt,19,2023,0.9007671979381769,0.6295451524125578,6.295451524125595,0.8635707564384787,0.825028763719868
19115,Louisa,19,2023,0.9010172587960947,0.6653128646148515,6.6531286461484855,0.8632047344254224,0.7878859267379197
19171,Tama,19,2023,0.9073110961092062,0.6569088186108153,6.569088186108145,0.8795322488046007,0.8150718404300011
19135,Monroe,19,2023,0.8929600323624591,0.6932159049091756,6.932159049091757,0.8616866844138209,0.8235846944379206
19117,Lucas,19,2023,0.8866875689124281,0.69077875859801,6.907787585980096,0.8576804739676483,0.8157305871507784
19057,Des Moines,19,2023,0.8992523645027244,0.6713004730822303,6.713004730822297,0.8659974793697236,0.7817385462251799
19011,Benton,19,2023,0.9012023975344906,0.6353121246052432,6.353121246052409,0.8727719057243687,0.7998303698794228
19113,Linn,19,2023,0.8773573836853831,0.6300709052731456,6.300709052731412,0.8368054388492766,0.7755320513224729
19105,Jones,19,2023,0.8929666075828311,0.6598730094616952,6.598730094616957,0.8694583000393946,0.7699573655024112
19103,Johnson,19,2023,0.8989736865506192,0.665189160125323,6.651891601253203,0.8673084002221881,0.7726538837140733
19183,Washington,19,2023,0.9055760412615258,0.6712353499466226,6.7123534994662375,0.8728463081028618,0.7802493832508425
19045,Clinton,19,2023,0.9055665207438982,0.6632775504805538,6.63277550480554,0.879721953417397,0.7600369514493387
19163,Scott,19,2023,0.9004066342871602,0.6628317713734648,6.628317713734671,0.8718609543692724,0.7700942713063478
19139,Muscatine,19,2023,0.9053332035544833,0.6705089117142792,6.705089117142849,0.8729113077036348,0.7815498024370375
19169,Story,19,2023,0.912793214457257,0.6719811315341729,6.719811315341736,0.8848432866487966,0.8386575214612989
19015,Boone,19,2023,0.9136190462339219,0.6705016728782399,6.705016728782404,0.8848581604671794,0.8588526653341026
19121,Madison,19,2023,0.8880403924898135,0.6936074285900133,6.936074285900132,0.8500207017303708,0.8183336316555874
19181,Warren,19,2023,0.8879063641771412,0.69924371949711,6.9924371949710915,0.8603771694250283,0.8290863818404108
19049,Dallas,19,2023,0.8997655472490208,0.6625836146649507,6.625836146649502,0.8613606287109872,0.8404422324017207
19153,Polk,19,2023,0.8958683579447476,0.6674664767405866,6.674664767405865,0.8580486867313571,0.8249179334482635
19077,Guthrie,19,2023,0.9028401602857138,0.6628994027011132,6.628994027011134,0.8571670796683568,0.8270113567310483
19099,Jasper,19,2023,0.9139361266240622,0.6857340692873697,6.857340692873719,0.8890909523381417,0.8510570011359516
29187,St. Francois,29,2023,0.8577921348314604,0.7252067415730339,7.252067415730337,0.8388089887640449,0.7513011235955057
29071,Franklin,29,2023,0.8539529294589389,0.6990911494150039,6.990911494150027,0.8213942231394639,0.7650582558478125
29183,St. Charles,29,2023,0.8702154783632687,0.6667008666344952,6.6670086663449615,0.8267198860367131,0.7999404377185628
29219,Warren,29,2023,0.8614175802054007,0.6788519911843296,6.788519911843291,0.8368156980819559,0.7631902398158715
29189,St. Louis,29,2023,0.8308604825622775,0.675373744911032,6.7537374491103215,0.7946132263345198,0.7629427207591933
29099,Jefferson,29,2023,0.8443548286644613,0.710141900196403,7.10141900196403,0.8196269607969819,0.7467559050031015
29113,Lincoln,29,2023,0.8605214434455455,0.6873432684252788,6.8734326842528075,0.8226076934478339,0.7723406093299485
29209,Stone,29,2023,0.8277113685734974,0.7192493157132512,7.19249315713251,0.768599538377987,0.7576278421433743
29213,Taney,29,2023,,,,,
29043,Christian,29,2023,0.8271419982316537,0.6908434836427941,6.90843483642794,0.7005677276746242,0.7696409077512527
29225,Webster,29,2023,0.8101307301859099,0.6860218187377692,6.8602181873776935,0.7462005993150683,0.689735881441618
29059,Dallas,29,2023,0.8288293088363954,0.6947786143078265,6.947786143078271,0.7916518978396933,0.7177719160104987
29167,Polk,29,2023,0.8271777470765285,0.6764657480962488,6.764657480962487,0.7851919968421571,0.6885234897452344
29077,Greene,29,2023,0.8297269090909087,0.6895290545454543,6.895290545454546,0.7301465454545454,0.7512653333333335
29173,Ralls,29,2023,0.8297519864931492,0.6494520655393036,6.494520655393013,0.7550452882090742,0.7540591634222658
29127,Marion,29,2023,0.8533970784916171,0.6662858646413705,6.662858646413738,0.7959961355686036,0.7633397828985313
29111,Lewis,29,2023,0.8606488976043226,0.6621820581450767,6.621820581450768,0.8329188630953547,0.7326732293703625
29017,Bollinger,29,2023,0.8626272316914521,0.6646831375507544,6.646831375507545,0.8242628403173944,0.7431493666938618
29031,Cape Girardeau,29,2023,0.8650145280670033,0.6764984155093403,6.764984155093406,0.8362077202359096,0.7385636535121355
29201,Scott,29,2023,0.8660394186368792,0.6524948304064796,6.524948304064798,0.8193134777047845,0.7733136383488165
29145,Newton,29,2023,0.8524095273242768,0.6845837578569367,6.845837578569374,0.7293760812259446,0.7617866644406573
29097,Jasper,29,2023,0.8464064813612007,0.6742598632365506,6.7425986323655405,0.710727311654334,0.777750478803589
29037,Cass,29,2023,0.8599982509779989,0.6781419817849561,6.7814198178495655,0.806301053270584,0.8044954402082763
29165,Platte,29,2023,0.8956535623549972,0.7061595571843244,7.06159557184324,0.8483271311603336,0.857576829450994
29177,Ray,29,2023,0.8846899110438875,0.6824512808053457,6.824382991680182,0.8497688266270559,0.8206002167840735
29107,Lafayette,29,2023,0.8932458173546303,0.6829886580861497,6.829886580861507,0.8477444125462871,0.8443983230084239
29025,Caldwell,29,2023,0.8708349820211879,0.7081911845261563,7.0819118452615655,0.8456187133284536,0.8036207689193157
29095,Jackson,29,2023,0.8858528936984831,0.7013547039006206,7.013547039006228,0.8398167212134898,0.8385144602720799
29049,Clinton,29,2023,0.8978632680844233,0.7133483494079981,7.133483494079952,0.8633902344283445,0.8588225981322659
29013,Bates,29,2023,0.8648033647788553,0.6665739410948119,6.665739410948137,0.7558888545955098,0.8189670703017038
29047,Clay,29,2023,0.8809416871735762,0.7123584147639377,7.123584147639387,0.8347426190698689,0.8402687443541117
29021,Buchanan,29,2023,0.8988076126084683,0.7047127355840527,7.047127355840525,0.8551214404302189,0.8557464556745555
29003,Andrew,29,2023,0.905431779684609,0.7012887627176551,7.012887627176552,0.8797484165183591,0.8360444829843541
29063,DeKalb,29,2023,0.8902260132584866,0.7110164299606293,7.110164299606305,0.8591434472829362,0.8409299804628985
29101,Johnson,29,2023,0.8446802025158555,0.6602912749235312,6.602912749235292,0.783079561995257,0.7844581813623673
29019,Boone,29,2023,0.8622234515278596,0.671189970714033,6.711899707140315,0.8122430215689177,0.7719354351878345
29007,Audrain,29,2023,0.8550247776184595,0.6491596715247275,6.491596715247296,0.7945451530973265,0.7607622310185496
29175,Randolph,29,2023,0.8584129751618387,0.6880054446774547,6.880054446774547,0.81281709858637,0.7819722894049094
29083,Henry,29,2023,0.8367853532039596,0.6654516379033975,6.654516379033991,0.7855312855233864,0.7439650246635059
29011,Barton,29,2023,0.8498002254187422,0.6621499287455909,6.621499287455913,0.6936697393254779,0.7771072283443422
29103,Knox,29,2023,0.868518516675106,0.6785769832682258,6.785769832682271,0.8340664825258647,0.7721147859172525
29117,Livingston,29,2023,0.8824713567637689,0.6920035712286993,6.920035712286996,0.8543172467377398,0.7939066261546563
29123,Madison,29,2023,0.8298375,0.7075970833333334,7.075970833333333,0.7999166666666667,0.6922652777777777
29125,Maries,29,2023,0.83642334705168,0.6731744433949536,6.731744433949536,0.79308519261908,0.6789603573516845
29109,Lawrence,29,2023,0.8317390531010023,0.6717038937695012,6.717038937695017,0.6788780601820852,0.7673988842188246
29179,Reynolds,29,2023,,,,,
29005,Atchison,29,2023,0.9135889644010962,0.6874441845137713,6.874441845137738,0.8858943434914679,0.8581753648966598
29081,Harrison,29,2023,0.8892679524867515,0.709007887710886,7.090078877108824,0.8676269580368444,0.8229400416719772
29067,Douglas,29,2023,0.81886,0.705622,7.056219999999999,0.7823983333333334,0.7269011111111113
29093,Iron,29,2023,,,,,
29079,Grundy,29,2023,0.8874548259613939,0.7025440997952865,7.025440997952864,0.8601327758966589,0.8136367641938317
29163,Pike,29,2023,0.8596680938240646,0.680628300459638,6.806283004596355,0.8025076872177598,0.7767149130940366
29089,Howard,29,2023,0.8755457392847229,0.6893953038092604,6.893953038092584,0.8223335699473253,0.8075979203031155
29221,Washington,29,2023,0.815675,0.7031662500000001,7.0316625,0.78991875,0.5979708333333335
29131,Miller,29,2023,0.8280108395245168,0.6907902737741456,6.907902737741457,0.7904958822436852,0.7096177649826646
29139,Montgomery,29,2023,0.8718377257249352,0.6873734077672696,6.873734077672727,0.8254065562223513,0.7892283238764899
29153,Ozark,29,2023,0.7742,0.6607500000000001,6.607500000000001,0.6895,0.7229000000000001
29041,Chariton,29,2023,0.8777587185458291,0.6691478916687834,6.691478916687808,0.8376432283658513,0.7958770774969682
29223,Wayne,29,2023,0.8523204380209259,0.7205735502748714,7.2057355027487136,0.8275386061358396,0.7115283294910444
29039,Cedar,29,2023,0.8167577796791036,0.6282996682400663,6.282996682400665,0.6930362152834525,0.7006300942437906
29149,Oregon,29,2023,,,,,
29073,Gasconade,29,2023,0.8512403108457892,0.6877662738730969,6.877662738730964,0.8218350541006928,0.700019639289851
29087,Holt,29,2023,0.9099763678113774,0.67891776688715,6.789177668871478,0.8762844909034488,0.8538845646360935
29055,Crawford,29,2023,0.86025,0.7094015,7.094015000000001,0.8271075000000001,0.6678999999999999
29186,Ste. Genevieve,29,2023,0.8508197369250754,0.68519945241068,6.85199452410678,0.8205261244161943,0.7600406066389487
29227,Worth,29,2023,0.8945519829170877,0.7241153789061971,7.241153789061994,0.8782453536135342,0.8335321613939058
29085,Hickory,29,2023,0.7898402226004395,0.6243565642495632,6.243565642495629,0.6905201213777042,0.6567279848016602
29009,Barry,29,2023,0.817470200271043,0.6982780479847411,6.982780479847416,0.7482638683933139,0.7522977530157773
29181,Ripley,29,2023,0.8667179032581795,0.6527027644343348,6.527027644343348,0.820940066568542,0.7738856738252937
29207,Stoddard,29,2023,0.8587633632437853,0.6256889445011186,6.256889445011204,0.8014984661162283,0.7690995259179859
29075,Gentry,29,2023,0.8932615758314277,0.7144115293588327,7.144115293588348,0.8684150900753207,0.8395335569707023
29171,Putnam,29,2023,0.8933106402833542,0.7250072544294773,7.2500725442947695,0.875391777161653,0.8180213503821206
29033,Carroll,29,2023,0.8742755191130445,0.6749524674758106,6.749524674758084,0.8382563457074272,0.8112084456021555
29217,Vernon,29,2023,0.8343355069510277,0.6271498476047277,6.2714984760472925,0.6493826516150185,0.7612189754332983
29015,Benton,29,2023,0.8643568965517265,0.6634257336930762,6.634257336930769,0.8455213329823642,0.7361774294989916
29065,Dent,29,2023,0.8011000000000001,0.660622,6.60622,0.7089700000000001,0.6987200000000001
29185,St. Clair,29,2023,0.8077273441874504,0.6339129839395703,6.3391298393957,0.7039213262372417,0.7403671394703598
29129,Mercer,29,2023,0.8878583754379117,0.7188039353639532,7.188039353639563,0.8682228742701451,0.8197898903594135
29137,Monroe,29,2023,0.8080255732230744,0.6442909365249171,6.442909365249179,0.7435816647118357,0.7351900006948565
29155,Pemiscot,29,2023,0.8644409889379314,0.6260500654882655,6.260500654882657,0.7862676509896924,0.7756612779064771
29143,New Madrid,29,2023,0.8709893927243783,0.6188334318705138,6.188334318705133,0.7954480580153803,0.7766528629648962
29029,Camden,29,2023,0.8741,0.7467,7.467,0.8525166666666667,0.7622055555555556
29229,Wright,29,2023,0.8096235294117649,0.6860235294117647,6.860235294117647,0.7828764705882354,0.7102529411764706
29053,Cooper,29,2023,0.8502000966470046,0.6705954015509732,6.705954015509717,0.8137855093797647,0.7662948629999825
29211,Sullivan,29,2023,0.8777769184132442,0.7240007904127802,7.240007904127834,0.8545695657310228,0.7939054309441049
29115,Linn,29,2023,0.8674333636613953,0.6906087240168086,6.906087240168103,0.8363959563125377,0.773983157423418
29215,Texas,29,2023,0.8187275000000002,0.6879267499999998,6.879267499999999,0.76266625,0.7224716666666667
29141,Morgan,29,2023,0.8457319208305556,0.6863575846428449,6.863575846428449,0.8164757882488501,0.7241057322909962
29035,Carter,29,2023,,,,,
29133,Mississippi,29,2023,0.8678978837570219,0.6506621943213672,6.506621943213654,0.805051328530766,0.7862817986910595
29121,Macon,29,2023,0.8651611857391165,0.6892702557295006,6.892702557294999,0.8333032143134451,0.7853297979104163
29061,Daviess,29,2023,0.8858954695980749,0.7036528284401229,7.036528284401237,0.8505790640503218,0.8238865633102953
29205,Shelby,29,2023,0.8556279050980007,0.6687780480412966,6.687780480412996,0.803402038047829,0.783568306783255
29203,Shannon,29,2023,,,,,
29157,Perry,29,2023,0.8588694097820382,0.6721050718109646,6.721050718109635,0.8385849845218852,0.7236958623632683
29057,Dade,29,2023,0.8287697847854392,0.6485619056433929,6.485619056433929,0.6876953706123481,0.7501683683313088
29199,Scotland,29,2023,0.8830505865510979,0.6870460648742086,6.870460648742086,0.85858857523938,0.7927250930648556
29119,McDonald,29,2023,0.8302559999999999,0.689358,6.893580000000002,0.7334509999999999,0.7866480000000002
29169,Pulaski,29,2023,0.8445913580246921,0.7148301234567905,7.148301234567901,0.8058141975308644,0.74658353909465
29045,Clark,29,2023,0.8783463706771539,0.6806196183533131,6.806196183533145,0.847269731689975,0.77198933687837
29051,Cole,29,2023,0.8467470035192006,0.6773378130385878,6.7733781303858756,0.8181301521202927,0.7047730531733006
29151,Osage,29,2023,0.8647944231351795,0.6955088371511348,6.954666299722692,0.8278731794561088,0.7383326614312683
29135,Moniteau,29,2023,0.8468258940316719,0.686431735800761,6.864317358007603,0.8138292839729064,0.747714399430655
29027,Callaway,29,2023,0.8647152315157597,0.6794958327037045,6.794958327037038,0.8248645698709769,0.7631711518837724
29069,Dunklin,29,2023,0.8405755790221916,0.6213945769274267,6.213945769274269,0.770906420199677,0.7486805687188903
29001,Adair,29,2023,0.882050558240606,0.7055339280009257,7.055339280009275,0.8529193465792027,0.7957256841200601
29197,Schuyler,29,2023,0.8847006092768666,0.6903481572504642,6.903481572504642,0.8608714269319844,0.7794894545024584
29105,Laclede,29,2023,0.8386619047619048,0.7034904761904762,7.034904761904763,0.7976702380952382,0.7270256613756614
29195,Saline,29,2023,0.8873041874617718,0.6803090053127192,6.8030900531272085,0.8473582332104093,0.824170824894306
29147,Nodaway,29,2023,0.9041663490595375,0.7022672824460974,7.02267282446096,0.8831683438897392,0.8356846540548103
29023,Butler,29,2023,0.8753040014536935,0.6350726325874902,6.350726325874909,0.8161303048624362,0.8005348631794563
29161,Phelps,29,2023,0.8606794362701645,0.6936164882113101,6.9361648821131014,0.8250984134018788,0.6532615670980323
29159,Pettis,29,2023,0.8549585692417072,0.6626042390991439,6.626042390991467,0.8129625633572419,0.7588944252904152
29091,Howell,29,2023,0.829292857142857,0.6920530000000001,6.920529999999999,0.7916849999999999,0.7512790476190476
31043,Dakota,31,2023,0.8999597330971593,0.6336321277690673,6.336321277690664,0.8645748437811391,0.8130788067448811
31051,Dixon,31,2023,0.9119137284599936,0.6565459936681959,6.565408710825806,0.8888286444048059,0.7927757577576787
31053,Dodge,31,2023,0.9006117633454666,0.6409928344149919,6.409928344149979,0.8647099575513449,0.7997890534200618
31025,Cass,31,2023,0.8971940809633064,0.6580520172026465,6.580520172026482,0.8668919489463908,0.8078572221161106
31055,Douglas,31,2023,0.8587791917373093,0.6169334510987391,6.169334510987388,0.8186092532465181,0.7477877141958545
31153,Sarpy,31,2023,0.8588308778233079,0.618144720095128,6.181355463269004,0.8175108463697338,0.7538002823150353
31155,Saunders,31,2023,0.9030079982472985,0.6412129002664032,6.4121290026640185,0.8721564341284866,0.7896805984941645
31177,Washington,31,2023,0.8821069621625238,0.6247989625391733,6.247989625391726,0.8514903655967054,0.7532985565387429
31067,Gage,31,2023,0.8727855310232158,0.6228314614164371,6.228314614164389,0.8233868915686636,0.7863570103256037
31109,Lancaster,31,2023,0.866684453787823,0.6148852523435865,6.148852523435857,0.8275396677652919,0.7505270970685473
31159,Seward,31,2023,0.8766095307865684,0.6240526398956568,6.240526398956578,0.8416594313134552,0.7794713260420274
31139,Pierce,31,2023,0.8974176665973407,0.648971782559906,6.489717825599078,0.8754612174767882,0.7734934966277509
31119,Madison,31,2023,0.901243079737135,0.6484543449769292,6.4845434497692915,0.8818037049883429,0.7822012228831331
31167,Stanton,31,2023,0.892325824183233,0.6283570514713914,6.283570514713902,0.8617250807566201,0.7720318616094172
31117,McPherson,31,2023,0.7945117945389641,0.5989571938250426,5.989571938250436,0.7523663293310461,0.613129080092099
31111,Lincoln,31,2023,0.8557839947555015,0.6333715198344944,6.333715198344966,0.8124034865239881,0.7162944022508801
31113,Logan,31,2023,0.854917565558946,0.6339908744648207,6.3399087446482065,0.8126955152256681,0.6599869773069588
31007,Banner,31,2023,0.695405620938809,0.4845213937552551,4.845213937552549,0.6403629744668119,0.4978644856644568
31157,Scotts Bluff,31,2023,0.7898795691823387,0.5654630512576718,5.654630512576733,0.7450678257957783,0.5574635671878565
31165,Sioux,31,2023,0.7984343611970318,0.5854921470272572,5.854921470272584,0.7519666377881677,0.6048573414258033
31039,Cuming,31,2023,0.8868948369834325,0.626956243695153,6.2695624369515155,0.8315868950265912,0.7893416310273688
31129,Nuckolls,31,2023,0.8134364073705617,0.5473418772718335,5.4734187727183885,0.6247523417869575,0.7288175119236076
31101,Keith,31,2023,0.8391346900882241,0.5987444241480714,5.987444241480737,0.8023625116215873,0.647707403793731
31137,Phelps,31,2023,0.913270458391361,0.6732409472423152,6.7324094724231305,0.8517911017727159,0.8137350399857441
31181,Webster,31,2023,0.8479498522763784,0.5771198195579752,5.771198195579751,0.6753220309797036,0.7699007731280367
31015,Boyd,31,2023,0.8636309120670707,0.6436136747119352,6.436136747119332,0.8229055744067829,0.7427713600165629
31171,Thomas,31,2023,0.8545784687691572,0.6173916817655473,6.173916817655473,0.809272512090457,0.6492999772949164
31089,Holt,31,2023,0.8937127178837218,0.6831429007984811,6.831429007984792,0.8535468675109265,0.7920122591911786
31017,Brown,31,2023,0.8730712868677657,0.6664721989592438,6.664721989592452,0.8335671233849302,0.7373129454641795
31103,Keya Paha,31,2023,0.8761304802286848,0.6638124869228922,6.638124869228911,0.8172335103457988,0.7634115642084872
31077,Greeley,31,2023,0.8889233193214138,0.669166049664851,6.691660496648523,0.8485690382646564,0.773809998504728
31095,Jefferson,31,2023,0.8557894743577149,0.5987618138222939,5.98761813822295,0.7675921143089904,0.7647358307282082
31151,Saline,31,2023,0.8733835542495171,0.6112732025531394,6.112732025531397,0.8239291669094513,0.7519028760340495
31057,Dundy,31,2023,0.7869090368242355,0.5587262085712225,5.587262085712228,0.7416691139071877,0.5990812497728962
31131,Otoe,31,2023,0.9007120087681989,0.6647614490825604,6.647614490825616,0.8747725794125445,0.8186404123419782
31087,Hitchcock,31,2023,0.7256032692352101,0.5079779820498747,5.079779820498758,0.6571260471653881,0.5588250283508485
31105,Kimball,31,2023,0.6617454794134939,0.45555861210854964,4.555586121085489,0.6056754771158791,0.46566896881218983
31127,Nemaha,31,2023,0.9038753863699597,0.6815302321402518,6.815302321402533,0.8818812723177774,0.8404934320715903
31041,Custer,31,2023,0.8722751132332185,0.6434614473046195,6.434614473046219,0.8221192824426435,0.7191139805508234
31143,Polk,31,2023,0.8975657764922826,0.6415591504320785,6.41559150432084,0.8611440466088028,0.8101054694361407
31045,Dawes,31,2023,0.7526799164916105,0.5553941267927068,5.553941267927069,0.7051420987966502,0.5683398443510808
31179,Wayne,31,2023,0.9039558198938067,0.6274268053834089,6.274268053834064,0.8788327180945507,0.7815591643375028
31071,Garfield,31,2023,0.8696504792385303,0.6599409854020656,6.599409854020654,0.8249080753435346,0.7190017091236264
31013,Box Butte,31,2023,0.7819837167090711,0.5523265017263267,5.5232650172632525,0.7269603867573712,0.5757277586055471
31173,Thurston,31,2023,0.8894246488454461,0.6246888697168904,6.246888697168901,0.8516191183424027,0.788750504422138
31011,Boone,31,2023,0.8971479186334985,0.6556541725739847,6.556541725739733,0.8722608245957916,0.7993966932893224
31145,Red Willow,31,2023,0.793257151789079,0.5639773985370669,5.639773985370679,0.738836663845613,0.6320037046804445
31149,Rock,31,2023,0.8808043307295652,0.659337020311816,6.593370203118151,0.8345448537030493,0.7533888421299629
31005,Arthur,31,2023,0.8390725082111667,0.6082536915805494,6.082536915805495,0.8029935952895935,0.5975107698469921
31085,Hayes,31,2023,0.807365474592156,0.5697106742435593,5.697106742435566,0.7360045560482513,0.6601829238096973
31097,Johnson,31,2023,0.8888831310164136,0.6594462632971096,6.594462632971118,0.8549489134149434,0.8146651670961017
31003,Antelope,31,2023,0.9050538872756442,0.6776700231165899,6.776700231165894,0.878822022660937,0.8137617308348495
31163,Sherman,31,2023,0.8835802740311397,0.6482284948179936,6.482284948179974,0.818941857871285,0.756636957667952
31161,Sheridan,31,2023,0.814384532790143,0.5959095116733367,5.9590951167334305,0.7742879619272572,0.6187582493506767
31133,Pawnee,31,2023,0.8714594649043386,0.6508988140681434,6.508988140681393,0.8467762308052872,0.7883663992919568
31075,Grant,31,2023,0.8197166666666668,0.6406200000000001,6.406199999999999,0.7827416666666668,0.6804388888888889
31021,Burt,31,2023,0.8838658499292592,0.6281340885721521,6.281340885721532,0.8406193448460942,0.7882419310824804
31009,Blaine,31,2023,0.8575298366130265,0.6327655581827961,6.327655581827963,0.8141052433995246,0.6870787010474104
31027,Cedar,31,2023,0.9022758321301059,0.665224305567887,6.652243055678843,0.8826019322276557,0.7926159112143705
31169,Thayer,31,2023,0.8499558344605698,0.6072241294089242,6.072241294089245,0.7469954219263155,0.783255806707761
31049,Deuel,31,2023,0.7304352304140838,0.508041312397661,5.080413123976616,0.6770256784881752,0.518994608372553
31123,Morrill,31,2023,0.7965856151908611,0.573080415338947,5.730804153389494,0.7488650358869624,0.5750073375812975
31115,Loup,31,2023,0.8626786387047608,0.6505348130355453,6.5053481303554515,0.8227256380349679,0.6898584970475241
31063,Frontier,31,2023,0.8192502782753633,0.5865486840350008,5.8654868403500044,0.7715106524784476,0.6764183405666259
31125,Nance,31,2023,0.8533291453618445,0.6118547914997066,6.118547914997056,0.8097020308002673,0.7543631147983018
31107,Knox,31,2023,0.8703228392320744,0.6473233675572087,6.473233675572098,0.8459630274424795,0.7361995471929562
31135,Perkins,31,2023,0.8109760426154009,0.5514000826212657,5.514000826212649,0.760477314766322,0.6208472796463473
31037,Colfax,31,2023,0.9000181784651502,0.6397705209527291,6.397705209527265,0.8729058192336232,0.7713185177428219
31023,Butler,31,2023,0.9028186842002404,0.6404407116186296,6.404407116186289,0.8642826845998919,0.8033460485234878
31031,Cherry,31,2023,0.8508847060546156,0.6567993344381668,6.567993344381672,0.7959714830048782,0.7183978551160622
31183,Wheeler,31,2023,0.8811998518595111,0.666913899671747,6.6691389967175025,0.8465570883746657,0.7484313056867737
31061,Franklin,31,2023,0.8800715400006501,0.6249176033947181,6.249176033947173,0.7648603660484945,0.7870610558596483
31029,Chase,31,2023,0.837976448727888,0.5979721737641872,5.979721737641887,0.7931313906964481,0.6671809862150938
31059,Fillmore,31,2023,0.8982631991631683,0.6406692316007733,6.406692316007725,0.8460512399500887,0.8180181818048496
31185,York,31,2023,0.8912289624047666,0.6557373331840441,6.557373331840433,0.8439364651466431,0.8219003133788597
31035,Clay,31,2023,0.8964604950603471,0.6452348730071013,6.452348730071078,0.8201265999245695,0.8286951781519671
31033,Cheyenne,31,2023,0.7142668955218158,0.4870086239653408,4.870086239653425,0.6539963034883762,0.497918966881332
31069,Garden,31,2023,0.7683853733514825,0.5430590376542513,5.430590376542525,0.7142526395019334,0.5700971237215401
31083,Harlan,31,2023,0.8425268174617507,0.5970507694514584,5.970507694514577,0.7313858860426098,0.7208737061290563
31091,Hooker,31,2023,0.8205250000000003,0.6386016666666667,6.3860166666666665,0.7829604166666669,0.6012375000000002
31147,Richardson,31,2023,0.8952721804192281,0.6753943851448974,6.753943851448968,0.8691835654063181,0.8221037599124471
31065,Furnas,31,2023,0.7811970093862415,0.5446111502438784,5.446111502438755,0.6704463810897874,0.6472239106134254
31175,Valley,31,2023,0.8857410621627132,0.6659289427168019,6.659289427168027,0.8337773927894191,0.750870089452281
31141,Platte,31,2023,0.8969550054489244,0.6571436140168104,6.571436140168132,0.8762064133708675,0.8090949800057927
31121,Merrick,31,2023,0.8780163143961471,0.6468448654410328,6.46844865441032,0.8408031385672791,0.7954174154913253
31079,Hall,31,2023,0.8935107403662587,0.6573712122461517,6.573712122461483,0.8441642319955768,0.8270232047697059
31081,Hamilton,31,2023,0.9000614233060006,0.6722112938659507,6.722112938659506,0.858527779804134,0.842540446313722
31093,Howard,31,2023,0.8776090616837907,0.6574242839642016,6.574242839641993,0.836029799394353,0.7830105547094909
31001,Adams,31,2023,0.8947305480509429,0.6452576463753698,6.452576463753701,0.8090109798553203,0.8351027927475846
31099,Kearney,31,2023,0.9079188587087077,0.6493694665167776,6.493694665167764,0.8282854517105709,0.8165220706797137
31019,Buffalo,31,2023,0.8970653417947486,0.6564480379492347,6.564480379492323,0.820546053022953,0.8037351045674108
31073,Gosper,31,2023,0.8738535323429876,0.6316453897207134,6.316453897207113,0.8142125354156625,0.7563630259077893
31047,Dawson,31,2023,0.8996580554751624,0.6765868217375128,6.765868217375128,0.8612981007411871,0.7823763046311757
55069,Lincoln,55,2023,0.8705875466619799,0.7318594865149175,7.318594865149172,0.8313622619681579,0.7520992117852711
55097,Portage,55,2023,0.8594193027270136,0.6985055335618285,6.985055335618255,0.8330966428260339,0.729568762267545
55073,Marathon,55,2023,0.8736722334873993,0.7233312321699413,7.233312321699296,0.8470009007241216,0.7279588303137419
55141,Wood,55,2023,0.8681274221477929,0.7095424878409549,7.095424878409546,0.8447732608419234,0.7206252990476335
55053,Jackson,55,2023,0.8803537894340151,0.717542918637907,7.175429186379044,0.8616375400713867,0.7572122855038482
55047,Green Lake,55,2023,0.86544396227708,0.682093365648731,6.820933656487276,0.8444827992873545,0.7225335765917885
55123,Vernon,55,2023,0.862085118692538,0.712490353656961,7.124903536569618,0.8298647974475113,0.7350051139181284
55003,Ashland,55,2023,0.854477378195422,0.7208252015231138,7.208252015231151,0.8139427373741868,0.7083123203735041
55085,Oneida,55,2023,0.8086866408338351,0.6559345976916222,6.5593459769162195,0.7667418015292489,0.6810057460784515
55137,Waushara,55,2023,0.863990970150778,0.6879795397564,6.87979539756398,0.833713514000126,0.7364133565278338
55129,Washburn,55,2023,0.8418594321551408,0.6961462625716341,6.961462625716333,0.8014846277730847,0.7256114552056879
55065,Lafayette,55,2023,0.8924708853158572,0.7045787918289728,7.045787918289688,0.8742301751990339,0.7564692433708393
55135,Waupaca,55,2023,0.8542040910468051,0.6979171583602682,6.979171583602669,0.8302518298853426,0.7205203894122957
55125,Vilas,55,2023,0.8180433333333333,0.6950999999999998,6.951000000000001,0.7625883333333334,0.7320377777777779
55007,Bayfield,55,2023,0.8433748245074894,0.7034378488823472,7.0343784888234735,0.8044832222689493,0.7003500908463537
55067,Langlade,55,2023,0.8864539646889396,0.7047231052307057,7.047231052307041,0.8328699926240156,0.7254547564039026
55023,Crawford,55,2023,0.8799690798988763,0.7426468833161698,7.426468833161723,0.8550791081160048,0.7708111125252621
55041,Forest,55,2023,0.8605261306532661,0.7196736683417088,7.196736683417088,0.8224522613065327,0.7405690117252934
55113,Sawyer,55,2023,0.8594863200035394,0.6990698685747138,6.990698685747154,0.8319252158718928,0.7387897003745341
55121,Trempealeau,55,2023,0.8834052425574098,0.7170756855273772,7.170756855273796,0.8657785110869307,0.7562685917575491
55095,Polk,55,2023,0.8596323268296128,0.6926530243773821,6.926530243773819,0.8285844239322318,0.7402930034334841
55001,Adams,55,2023,0.861097935255605,0.6756452670798687,6.756452670798679,0.8250975474732889,0.7358028633032665
55119,Taylor,55,2023,0.8773100853004894,0.7319514781712277,7.319514781712277,0.8522202300620219,0.7373060019438541
55005,Barron,55,2023,0.8625372766004806,0.6886086141536947,6.8860861415369685,0.8275199238039663,0.7259700438683359
55051,Iron,55,2023,0.8870231226018637,0.7216308112552532,7.216308112552531,0.8583990727206289,0.784297638406724
55081,Monroe,55,2023,0.8652172120798385,0.7130023029835072,7.129974174954171,0.8409867830619808,0.735118733956567
55019,Clark,55,2023,0.881241182136424,0.7215327443603076,7.215327443603026,0.8557440166191994,0.7298282114218424
55057,Juneau,55,2023,0.8590560169518655,0.6959418742243904,6.959418742243884,0.835320892863532,0.7222491477616912
55107,Rusk,55,2023,0.8725985672540659,0.7364924712362131,7.364924712362123,0.8479687521959459,0.753118198920873
55011,Buffalo,55,2023,0.8862209141851642,0.736619231447324,7.366192314473242,0.8681161340053506,0.7714049741571258
55029,Door,55,2023,0.8552005896834196,0.6812603691713414,6.812603691713382,0.8239345455784985,0.7001533749806116
55013,Burnett,55,2023,0.8469516624486875,0.7026907203280066,7.026907203280056,0.816963709846159,0.7275114585409098
55077,Marquette,55,2023,0.8529411547287096,0.6909869571530014,6.909869571530006,0.8310739943199942,0.7134191183986216
55103,Richland,55,2023,0.8678230594467201,0.7240724404831035,7.240724404831023,0.8469502196195487,0.7278362527755367
55091,Pepin,55,2023,0.8902854359294485,0.7252721683633017,7.252721683633011,0.8644091751257885,0.7691748640486549
55099,Price,55,2023,0.8843872698011588,0.7610224510309103,7.6102245103090995,0.8439266709488894,0.7869187956603679
55031,Douglas,55,2023,0.8154609870740306,0.7330574383078731,7.330574383078731,0.7744480023501763,0.7617067371719546
55039,Fond du Lac,55,2023,0.8667007663012745,0.6808720218734463,6.808720218734454,0.8388650523847111,0.7181069997047664
55037,Florence,55,2023,0.8604963636363634,0.721169818181818,7.211698181818185,0.8007581818181817,0.7450327272727272
55063,La Crosse,55,2023,0.8787335754703063,0.722392432605947,7.223924326059474,0.8502355044136268,0.767635547568505
55071,Manitowoc,55,2023,0.8665171871885003,0.6779643199870402,6.779560453614455,0.8394267468664406,0.6857362683888173
55075,Marinette,55,2023,0.8759136671804657,0.7176071020931876,7.176071020931868,0.8461068902658281,0.761024819234272
55043,Grant,55,2023,0.8830201602648352,0.7077394310655672,7.077394310655639,0.860895676700753,0.7478253240957718
55117,Sheboygan,55,2023,0.8623333849647702,0.6752456555564654,6.752456555564663,0.8341996045604931,0.675119566968728
55087,Outagamie,55,2023,0.8663709563611499,0.6667648583489895,6.6676485834898775,0.843746998227971,0.6998571504693364
55015,Calumet,55,2023,0.8629270339122249,0.6576495739966245,6.576495739966262,0.8349332312402444,0.6753680869148186
55139,Winnebago,55,2023,0.8491245205814507,0.6521703052128154,6.521703052128127,0.8263736712838071,0.6776635209916116
55059,Kenosha,55,2023,0.8618690064794817,0.6789597999608853,6.7895979996088585,0.8344820076047474,0.7100550039776337
55111,Sauk,55,2023,0.8571347931655223,0.6928798621775005,6.928798621775012,0.8349444252951003,0.6966915217874821
55105,Rock,55,2023,0.8859123913860797,0.6674822024859848,6.674822024859877,0.8645047178690775,0.7090167228126106
55045,Green,55,2023,0.8768096139295862,0.6778047492237907,6.778047492237899,0.857141302884039,0.7336465018789816
55025,Dane,55,2023,0.8624282061686898,0.6857482951860965,6.857482951860941,0.8412776160829697,0.6969279234082917
55021,Columbia,55,2023,0.8714637032709749,0.6892994914452447,6.892994914452466,0.8513170437176267,0.7121983350528404
55049,Iowa,55,2023,0.8649030859944304,0.7028073341561273,7.028073341561282,0.8458928017248999,0.7180765946264516
55027,Dodge,55,2023,0.8747246062832714,0.6864979932753503,6.864979932753485,0.8488113121728045,0.725620551669628
55079,Milwaukee,55,2023,0.8200474729330708,0.6670847979822836,6.670847979822835,0.7816161072834645,0.6703246858595802
55089,Ozaukee,55,2023,0.8574360306221784,0.6807875665281933,6.807875665281939,0.8235802572151416,0.6641496254170979
55131,Washington,55,2023,0.8459678322027885,0.6818560558239005,6.81856055823904,0.8122236882487311,0.6842382372031465
55133,Waukesha,55,2023,0.8384199717991394,0.6841605191027258,6.841605191027263,0.8106219469482633,0.7086763499302238
55101,Racine,55,2023,0.8620081500236842,0.6732676062286814,6.732676062286824,0.8361133581304242,0.6918545422991552
55055,Jefferson,55,2023,0.8729985817953186,0.6911693492283605,6.911693492283627,0.8521751368608361,0.7219239394524034
55127,Walworth,55,2023,0.886327195229399,0.6826431872472766,6.826431872472749,0.8673691345240983,0.7193339075971058
55093,Pierce,55,2023,0.8961536748921421,0.7248419441985047,7.248419441985039,0.8707975205748167,0.7708582771378008
55109,St. Croix,55,2023,0.8807687594329124,0.697633387429099,6.976333874290999,0.8543388856818094,0.7545532009742529
55035,Eau Claire,55,2023,0.8799227841731808,0.7195933259314744,7.1959332593147,0.8576018194178598,0.75893330211292
55017,Chippewa,55,2023,0.8744681659334801,0.7145734617371245,7.145734617371207,0.8474263169726045,0.7562724566599078
55033,Dunn,55,2023,0.8893918267021443,0.7279259815509198,7.279259815509177,0.860732357552327,0.7819465055140401
55061,Kewaunee,55,2023,0.8636561897940602,0.6799945701666607,6.799824679865474,0.8351625809899902,0.6609845031069354
55083,Oconto,55,2023,0.8774185968647631,0.7101853565733567,7.101853565733574,0.8511669586235385,0.749995993832779
55009,Brown,55,2023,0.8561226444816057,0.6609942614621144,6.609942614621165,0.8296337114931565,0.6743255982611561
55115,Shawano,55,2023,0.8769531761902616,0.7034668820853455,7.034668820853455,0.853850621813019,0.7407206860204337
55078,Menominee,55,2023,0.8810795250989378,0.7849825119766716,7.849825119766715,0.8593482503645076,0.8135752690411722
08031,Denver,08,2023,0.5377352149321268,0.38089704524886875,3.8089704524886883,0.4954116063348418,0.40660920814479634
08014,Broomfield,08,2023,0.6671314465408805,0.483516352201258,4.835163522012579,0.49121022012578625,0.5462382948986723
