GEOID,state_alpha,nccpi3corn,nccpi3all,aws0_100,aws0_150,soc0_30,soc0_100,rootznemc,rootznaws,droughty,pctearthmc,pwsl1pomu
08001,CO,0.07923483310515894,0.26025800990988235,129.60552341581254,188.32781931101317,2622.1838579122546,4991.049253266368,139.83407402673546,199.84651008871091,0.22540749659982914,74.18343478880905,62.60178127606949
08003,CO,0.0011154630386139945,0.044582214690538725,86.02668313892764,116.01150283042489,1876.968565576182,3978.173033597715,126.72609794600673,109.86831948482833,0.858684291722169,80.5936316334638,45.02137838929893
08005,CO,0.09161435512661674,0.27722440405660453,119.42190027302937,164.4932177712898,2778.0130487130737,5236.275259444258,129.83464832316497,191.15643519383121,0.29748554074237316,77.25941155598863,34.47319279633292
08007,CO,0.09256778020110766,0.15553644520885213,106.77202721222498,131.02067893674183,6527.840579614496,8941.405946907362,95.7289042738826,135.98015444450687,0.5557676064523305,77.86726050881687,99.71661880704217
08009,CO,0.10954728381521758,0.29404255963643877,141.58931348189526,213.10691762458734,2370.4144166567085,4844.080759829957,141.84917653482944,226.27943877972766,0.10756789799637174,83.19664469157861,43.60897878222437
08011,CO,0.030118369242029347,0.18625957169267798,135.29991151555416,189.95252738824686,2267.783433961807,4801.4993234204585,119.63872393982079,186.89754017814093,0.3808395305066504,83.96674411992755,278.2598662363445
08013,CO,0.05206949294338685,0.12740000634550627,71.67089157800764,94.49226326719982,4166.831907581471,5850.670939874796,98.81639046456623,103.51317953495492,0.706616168362609,71.89222985571837,171.05918753017448
08014,CO,0.08743262139452353,0.2744586595515601,127.45643975523102,177.7561473578369,2657.1737527919067,5194.549008521181,122.63648921537758,195.20489835632458,0.2557048060283092,81.57188235497217,133.1192722010826
08015,CO,0.004701968155187575,0.03199112622089999,48.147607074871324,61.61363724510435,3254.2323994522435,4177.370982650007,117.1213610390926,68.50879764582272,0.9785993929498464,65.04262439926026,44.701361332426586
08017,CO,0.12933333362992694,0.3331796456371068,139.8669781700496,206.79117910058906,2220.356035351591,4757.7104094355645,145.76575222274622,227.2750930181355,0.19438769601180186,80.65646006465506,12.237070986290032
08019,CO,0.003911886929886503,0.011858953287163021,41.10989706713961,50.09032502353587,3959.35795241478,5135.2726048325185,87.95545086067408,53.33904829728079,0.9652636135413734,69.25400539831358,48.84737661223301
08021,CO,0.0033088973803086547,0.04772411033789116,72.88628643608786,96.89271211521215,3968.1648715134806,6012.348347236942,110.26381729309354,104.46746039402798,0.7493272017533007,82.01880789007008,56.26963463389836
08023,CO,0.006288297819512906,0.055640674711554025,74.89577372101041,101.20157526966926,3166.5926733173487,4463.570393589784,130.7496963209937,121.15904468542315,0.6731395372144136,78.07794105445653,152.23822530356506
08025,CO,0.021292653543001794,0.17370704826523084,123.96947629211498,175.41171968297803,2152.4850813497314,4700.979092028945,134.8066994318031,176.748728453572,0.31330433992104595,87.62066827035032,650.9890253248886
08027,CO,0.004125728751036884,0.052304592877594674,59.51782240531171,78.2204213956557,4415.901900134276,6537.229902833906,108.77778764598546,86.80042761597227,0.8604072977202419,77.36698364628542,30.29053168945978
08029,CO,0.0156396854826164,0.08387192708172662,86.85959794410272,116.69415446015502,1912.3697283556314,3547.501822759621,114.82072748912869,137.83159948159673,0.5645665943051345,72.9160301974328,69.64169140619684
08031,CO,0.12809477493233737,0.3409816518113779,93.5144630997121,135.3809551573227,1693.9681431192093,3452.600757309407,147.43567760237065,217.128469636748,0.09249809730531106,50.208338649802826,245.14344089051713
08033,CO,0.06636628888156408,0.15489570682641732,108.93493119682508,149.90746187484305,4985.134130310488,8212.8323287145,121.98321143285114,169.16736034319464,0.4186739335097541,79.60487780879777,18.60504959312371
08035,CO,0.10220724467543693,0.2103011750225564,77.62722019147758,101.41479232626949,4790.093855839536,7283.265462265049,101.63059578932183,113.82517153888303,0.5741738660565482,70.74245620933583,7.048716954918575
08037,CO,0.01275916398202473,0.06680161205179036,81.51862181204862,108.30644656876204,4064.535590465399,6264.449553634937,124.55453243847055,126.63185622220196,0.677491938348534,75.23503233120847,67.57812964802524
08039,CO,0.11096895337631214,0.2758954131589954,107.34919156957613,146.19085401043975,3039.6021769667473,5911.148467884057,128.59762920573058,167.91339379518647,0.5503282801122102,77.94506396349186,3.3092361184865853
08041,CO,0.07978163475656892,0.20672171517983928,91.17285912280337,126.91161244945215,3304.3754371959517,6132.709767689127,125.63842792201028,126.20445971075118,0.5976128730531652,84.34448808790306,8.2399948744586
08043,CO,0.01344847022274213,0.06354727595205524,54.97287319727058,71.9650106406957,2106.500748085772,3139.4555153488927,79.73070304435205,78.77440189120031,0.8299209187709424,78.7177451981118,42.42296166110397
08045,CO,0.01751377299751296,0.07108926533787661,90.9875970794469,116.75436156927111,3597.7222944178575,6304.122982444049,109.48266113513944,138.80689922890537,0.5783241318358494,74.93351782834584,125.3458127816401
08047,CO,0.006526192915255552,0.019810158719008077,41.0335502136628,49.10364932241288,4668.764636624528,5799.829468439871,71.26717804596322,47.10833204451326,0.9593870695592603,75.87868950355062,61.588293792074694
08049,CO,0.001073206615820455,0.020657075772413193,83.08084586558907,110.71907526727168,5375.968286059314,7892.827324187636,118.46384605611063,121.9793655218598,0.6906168063824006,78.79533480877696,86.90741593838136
08051,CO,0.009044204230906698,0.04502488327801211,86.31495013222356,109.18447074364715,5116.932361541006,7101.914604144416,105.52809996717345,115.95077148143808,0.7619391850130508,72.91075185941942,113.64295372366975
08053,CO,0.006903181224929747,0.03347720732159313,65.71038472040509,82.65427596066851,7870.687174915135,9897.901929763766,103.54588433406452,93.76537777096824,0.877070934367912,64.66008296911677,86.71012459532116
08055,CO,0.055321759729755296,0.15737858045526765,94.92950284328847,129.56683023868771,3175.970058049508,5139.783154716642,115.77869237076484,142.946573931786,0.5471024491412414,81.3869045210139,48.397684095772256
08057,CO,0.0010000000474974513,0.021796318397788315,86.92395557107115,113.73144050839531,3501.748499782482,5743.676952761136,121.59719548797612,129.3263801333689,0.6716270225703755,81.32762903108858,72.26690193697556
08059,CO,0.03713235586857729,0.10082841814340095,52.31952412919508,68.75277739709207,2666.6806621635387,3951.757159587474,73.78740178860733,84.59182080221561,0.7528673679650484,71.32682307981456,180.73703114711623
08061,CO,0.09449625747650274,0.2974449801981533,146.52760800188614,217.2875700907551,2252.144463920633,5056.659755799698,143.0281936050586,225.7125307689524,0.20844572239457734,86.03459659797018,107.71476698001459
08063,CO,0.1435250117402647,0.3868535690601634,166.52668135373204,247.60862994229876,3308.208342224034,7520.359784107617,148.58322952586235,248.78443465909066,0.06788548545458167,82.35652908494572,2.1218307723989205
08065,CO,0.0010514890683393464,0.0213430862669127,56.973402072654665,74.91789686159545,3702.9480958372656,4888.455138587303,136.99766842373893,84.23037039350308,0.9645708203176668,71.67931302971844,127.21007178608374
08067,CO,0.05987954797184612,0.13485563367449585,80.7355459491187,108.09611719197122,3142.7866227320637,4861.990020719419,98.28754590246452,135.14950294897255,0.6388084309648694,69.61197991235875,46.92826909227928
08069,CO,0.032104493992973666,0.09575884530471468,63.747949688991795,81.294314732685,3945.0706059732624,5497.018294516114,85.01507720411952,89.96042089544977,0.7826207409637581,73.34431859535974,115.73937579670948
08071,CO,0.0586696029436337,0.17509243794719687,111.84420794921715,146.90799673825887,3195.081649940479,5350.952136787901,94.84557001701997,145.6750051947178,0.5296874263386016,80.95507661950346,61.761259827188304
08073,CO,0.07932827142823162,0.2671242141191601,136.7013429764889,199.52208672448288,2637.832000803196,5440.165796768966,140.33571828692118,199.9494662296975,0.23587761945010832,84.50491425641157,5.913312517001828
08075,CO,0.13211219426970952,0.31796754258323395,115.31523029705177,162.15962578219282,3180.8080305235794,6516.5243255593205,141.08686451145152,176.6959485581039,0.33886666240700314,83.62513356251073,93.59248559408884
08077,CO,0.026487825132503154,0.09149287900628349,80.88447678288628,108.2673244642943,2179.728152650121,4036.990844066062,97.50113398921776,131.10224738231815,0.5797764577959287,70.58127730876231,164.38301271186742
08079,CO,0.0019261038587978837,0.02567405615245887,76.16232212866996,96.70487357923898,11142.253322879737,13990.18418615046,115.79432391226653,106.33854912747879,0.8248072541043721,68.74935576292252,73.59898608955484
08081,CO,0.010381073291966735,0.08473621979773041,84.61513773569168,113.73654512530065,1888.5439663971522,3619.88367699157,105.80195084849868,129.1144908529996,0.6523367267821013,77.51530094870367,205.64010865894724
08083,CO,0.0448171281299563,0.125135745516456,90.74236951884289,121.93122800955331,2738.246242029051,4620.352659123622,104.87105436907935,137.64418689683956,0.5911989066392049,76.4205561149384,41.49610355928436
08085,CO,0.030408844495067765,0.10884028605440652,90.00947653381247,116.86453375724885,2919.947278572759,5039.528551216477,99.88258703122342,136.05988441737856,0.5743192873649535,73.0088217604653,41.14411117997535
08087,CO,0.06441424947525426,0.2073052984419863,95.36014302530587,137.36757050030576,2479.2320379503026,4873.825088023624,144.10173819796398,145.0778535783885,0.5734392869793827,81.17270539228798,215.96914054072644
08089,CO,0.006484944559267339,0.1603474860910938,135.03910722768416,183.72106655578426,2217.282037691183,4790.323170970815,115.11743384086586,177.970802978118,0.31014485484178106,84.45274285963812,373.88035137069113
08091,CO,0.03147609012013415,0.0895375097026703,93.37285050017002,124.703913966747,4247.748092858475,7136.0143826401945,109.29602169271277,134.3311613101536,0.5995109177941599,75.45479856910391,34.56776180307628
08093,CO,0.002236771722965534,0.03600493179622299,51.50039183046423,64.97386981473339,3776.7666217393,5026.101778375235,96.09620878898438,71.01096571554852,0.8929579681590748,81.70426257099632,61.52342113755853
08095,CO,0.15577173457490653,0.3914283450028788,142.25060569370163,209.34131085550837,3825.322382336441,9400.141244252492,149.39493897986858,231.0596997623471,0.12880697115181314,85.80099273888604,11.165998384105842
08097,CO,0.008582753609705921,0.05250135111524335,77.32869299432316,102.18724565600762,4692.619296170623,6963.923457508678,115.97528086394229,110.84660844771413,0.7800960950983513,69.35354908939514,55.948331611646836
08099,CO,0.1251281714246485,0.32985606854393573,161.9035611434983,237.16959308833532,2024.5708144285484,4173.293748403314,143.27651655709462,237.72713833451778,0.1676516861623324,87.82754537498212,30.86551866609677
08101,CO,0.022375226464815982,0.15412619145625253,119.54109323075322,161.88146337782558,2155.34729542337,4352.166875031488,115.2749493026253,164.1631099697648,0.3824249803712867,82.6196473598282,197.07491420889372
08103,CO,0.017275537024306453,0.06831918876975522,73.65102485922938,94.16407612252281,2641.612653686796,4677.0532441656305,82.86165887939332,105.5875856378058,0.6984438064977185,77.49944959784995,73.73636638255454
08105,CO,0.002099902509981494,0.048076624463422625,85.67812211496555,112.4278770123417,6007.80882232755,8334.892880272355,118.46860214496965,116.02753331671471,0.7260202850374807,86.3068839800161,110.41935465902075
08107,CO,0.009808511613378921,0.05211782639169803,124.69845545620464,168.67468814728406,6044.378430696294,11154.033074736277,131.30040859685695,176.7012097787831,0.40070990116387195,81.75820022401821,29.919352511062833
08109,CO,0.0020293677837263536,0.03687502145038983,75.45430880721548,100.46663181015356,4494.866222963045,5997.760548287177,113.80208016802682,101.84520440467534,0.821563761660395,81.11491874275728,46.42684274930569
08111,CO,0.001025143246408638,0.016436284936240914,42.89709612321575,54.18769316034231,4988.077709656328,6175.433699919703,86.99268107082642,71.68305915679619,0.9398887123319061,51.40359125808879,24.396842333096277
08113,CO,0.029771134777997282,0.10784324649486787,88.3659891204857,117.8644469149989,3630.7318712059187,5596.56903001154,112.93895034839859,146.3660723340017,0.47998852755818805,71.67086824393806,48.35326718485388
08115,CO,0.1476942691276209,0.3655522850976044,128.96647037203707,184.18123752354347,4066.521240016404,8639.889831259015,147.47594417580402,203.61251234414516,0.24469666238449334,86.42291792097632,26.745758140710663
08117,CO,0.0021614111440246882,0.02898575950551822,70.56025834970598,96.65138193112192,3838.639565235147,5707.693060854586,119.16462621488081,102.81071045041237,0.8460316443670166,69.8137364079954,86.40818844006665
08119,CO,0.01094931458393444,0.035057514392233736,34.004651239847206,40.49583364312607,4609.964860276567,6340.330370890165,57.434263429776536,36.907689364608515,0.9387752233313192,76.21459903376304,29.559499097714152
08121,CO,0.126087633731795,0.3334939561571481,136.8356718806005,202.71247741831655,3200.911745104451,6568.534448859766,146.73576887026547,211.2432649708415,0.21870055543725717,83.73860315380051,5.185524055543805
08123,CO,0.07224460089648821,0.22996512699822344,108.87231181636669,154.6877859830154,2303.7705567893313,4676.911718335381,138.22317643474997,167.69255910389344,0.33408734891351655,83.31381854023401,143.98514916044235
08125,CO,0.13108462050372652,0.29110085321123297,102.60902689544858,149.70440959821124,3230.16600077387,6602.642395950419,143.44913709284177,155.70530087408005,0.5057046306308225,83.96857143672186,8.158192754567033
19001,IA,0.7853190631732492,0.7923434066752787,181.10149282752795,268.5173291237177,6837.989708795159,13834.129470291364,149.5203495096817,268.62331901540824,0.0021675463367279548,86.27513830760228,51.46616251280161
19003,IA,0.6638358700579766,0.670590277874677,173.4595471453973,257.70715619372186,6371.983853793107,12958.187586071706,149.9999514066891,264.8060079704053,1.5615997836541288e-06,81.43539392826331,47.02950684141895
19005,IA,0.5775921904614173,0.5850381237324475,170.33495255731017,239.01569678478637,4513.363303624329,7851.915497918787,138.90633243659727,241.60195873077635,0.2602917366110212,83.82325480396227,297.94545907106055
19007,IA,0.6683174441754517,0.6789488743796316,161.93259484193652,237.0757362400023,5422.290988994339,9538.793368926823,146.73763966303196,233.09258220650872,0.11696642633556723,87.2414808823932,106.13916409731411
19009,IA,0.8223368486722874,0.8281293535801283,189.14527995516445,281.58266513784605,5753.7732784413,12724.768628697315,150.0,283.45172465768366,0.0,84.57811523807143,43.82041935909519
19011,IA,0.8374082307740124,0.8390515787769596,172.17309449647348,247.46536270448777,7718.18931227598,16480.56317920209,120.08549495572218,208.30881344081467,0.14284556111626212,90.89735049256413,72.04193121755183
19013,IA,0.7713719980529622,0.7784202112770082,156.39372463088583,216.81565865467994,8941.919574574704,18040.432990145797,113.74945721219129,175.15757180577972,0.3911080866586598,84.21718272513769,87.52245775049583
19015,IA,0.6916572289860716,0.7517804481956105,178.78044446945805,264.06102536047,9364.228032572733,18816.70656363075,148.72073731050543,263.70274517954056,0.028012129177826216,84.57161920959642,70.05074118403354
19017,IA,0.7534362011720174,0.7617568560609519,153.98845336904245,211.20390440257867,9969.238140114172,19571.125041399573,107.49743246501576,164.22830539654757,0.49189687352092804,89.02161338755572,67.02764988674087
19019,IA,0.7980143368653837,0.8050022276979947,161.39911331157498,224.12377817990554,9781.325984571562,19614.837293130593,113.24479892657679,176.75595123444347,0.44875130394178975,89.89564917207564,56.5343653696011
19021,IA,0.7319443562213488,0.7763818423133173,186.56727700546858,275.5049514947924,9928.28846357973,20781.27096588372,149.9980356490604,274.4571767558864,0.0035899762179430537,84.35819232852013,62.945586323673325
19023,IA,0.8066674682163265,0.8127401881271432,162.08445179780722,219.36273064724716,9433.787726050838,19033.997020303726,120.18211351461656,183.90161498529588,0.34584930289880295,88.58132197200729,64.4802330588803
19025,IA,0.7502316016122281,0.8059213983612847,181.25557664148457,270.1542498177777,10916.577484681071,23138.540761385153,150.0,268.5945525584283,0.0004317325680075634,83.56856330255181,65.44158169291137
19027,IA,0.7799685514381242,0.8114551718213304,189.1901999701417,280.47493886437775,7341.685346625985,15575.491997805839,149.92059889522824,282.26462543647875,0.006931695770272326,85.77802573964722,66.01931774805419
19029,IA,0.7904962517690783,0.8008800808348917,186.9521125126094,278.48375558910635,5924.683935395643,13091.923065078383,149.99279790061044,283.5570198252281,0.0,82.94973038815507,35.09369338405582
19031,IA,0.8455620463697727,0.8474898802038842,180.41955086518215,263.24306213246035,6908.290263879832,14244.072324854202,140.69808246376027,254.37027328366221,0.06488764660813706,90.79237056869981,56.13648486851737
19033,IA,0.7720984201400337,0.8003730971992289,175.23732906305824,243.11176538195974,10250.395451159522,20775.747419665127,129.01059773460264,219.63100831183044,0.19843700138064443,86.32156734557745,79.37923795440052
19035,IA,0.7082476636788742,0.7240038352009459,197.5876912425112,292.0014767521442,8584.138259749829,18621.569391199722,150.0,293.37797855189825,0.011937392903132045,91.76373489393842,70.77028763399412
19037,IA,0.8155326654796808,0.8224273346752642,163.45137242342503,224.28407724535865,10450.717032874196,20756.123670471075,115.53973971369507,183.61763523814545,0.38309197467879896,89.69069888191416,55.81208312532798
19039,IA,0.7002729237746264,0.7064150825439311,163.81857339467203,241.46851126158643,5895.576759952754,10917.355265328562,149.66299895530557,243.020015157816,0.05709576389761273,87.98307749801943,46.52201597233832
19041,IA,0.7154829957411126,0.7480891963811048,183.52800935085838,265.1975937085733,9922.499269328187,19390.64442812014,144.71999258224668,257.5472790116784,0.02148264850594131,83.41953981600085,57.25935962292429
19043,IA,0.6524999822551254,0.6671076739773781,173.77960130763844,243.76688733034865,4267.647083498123,7696.336143995031,126.70160298115675,247.05660691133616,0.22553764649706945,81.09263453887134,186.05102071520437
19045,IA,0.7752850069561754,0.7786161812953133,180.73420724499334,256.4244318158024,6413.263820495078,12865.025611466757,141.380399299769,253.24137095633034,0.092062021991867,86.7744881635771,122.58803607889644
19047,IA,0.783187960188775,0.7889871275226366,203.07843055818932,301.7541752748429,5201.907396832953,11590.66958937129,150.0,304.5831492578065,0.0014848707827579742,82.85635522123921,30.964935138625712
19049,IA,0.7205207850935111,0.7641964421974696,183.49261572277206,271.1815160130538,8199.545193755534,16243.577317909088,148.7233507719174,269.20753173087996,0.01603665088871095,86.15516667510741,80.02260566376508
19051,IA,0.6651865591186262,0.6756437526816569,162.7149999196527,238.29915608747228,4846.154078016205,8397.756665353916,148.42586233594378,237.56705965749495,0.05129907031862505,88.74883646612459,59.7405713979411
19053,IA,0.6593233313587024,0.6704360362888403,162.68398939063047,239.04734949161943,5130.508997406992,9709.718081737956,147.04673901234156,237.01500334065508,0.05622753204406531,88.74480686479073,66.16891747334016
19055,IA,0.7708729415657044,0.7777756553881103,170.09595006393397,235.84172308198524,7860.215839559781,15956.040313847743,123.1825825166715,208.4275473495508,0.3089789727993114,89.68737640736373,66.83951087016729
19057,IA,0.7752243618514518,0.782156432994267,178.2065689293834,262.22917695705365,6132.81613098757,12309.43750697251,149.30812582677157,263.7544236304894,0.016702924908421738,89.31445301040401,90.61058850361808
19059,IA,0.7361357056556289,0.775148778635508,181.59539679122648,267.91246754867564,9475.171428739173,18958.164624351142,149.1739154856676,265.3761323007419,0.018669569772526706,78.6344425811033,108.03465240783453
19061,IA,0.6913288309116841,0.6996494589737399,171.9051672791724,243.4751791513183,4329.184079331705,8056.474011819453,128.40719830496474,249.02658997498565,0.20933745932364892,85.12221907002375,154.14672326032166
19063,IA,0.72553723146339,0.777384953278011,186.25612766802416,275.0439402167876,10882.747448806222,23197.75349636408,149.9998888720194,273.8669678547746,0.020087888897307178,82.43330173137298,70.96690772018643
19065,IA,0.7638634771641427,0.7739394626122825,171.7768016841703,238.46439516051518,7898.605245849668,15522.800982719942,119.96425531860658,208.80962919486734,0.3349162680785253,87.67129441331721,53.70653515695816
19067,IA,0.8003259704817398,0.808763622877323,157.99911092344433,214.26221172677631,9779.57761350754,18697.006123212584,108.66665120420774,171.27032438396824,0.4578382719674778,90.3708479664,52.368459748069824
19069,IA,0.7665840870344045,0.8058220068907092,179.66298005903053,255.7386532715432,9619.45725548181,19626.479506121246,136.5066113012917,240.5036667125232,0.05939561982427734,87.23904226379747,62.38379429437817
19071,IA,0.760085495615764,0.7869283513671163,196.06161277825336,289.36669659108975,6409.87918749691,14197.027610808906,150.0,293.59344200327644,0.014379047853635672,85.93107933497618,61.86077681377679
19073,IA,0.7104386144640535,0.768409573624568,183.23216608223208,271.05444026543836,9836.373816595393,20687.33871878967,150.0,270.41748067901096,0.005098493832547514,85.04488299580801,68.70431889511877
19075,IA,0.8885237762686856,0.8938016987541413,184.10483755208733,264.8192679629878,9323.498884294582,19668.16399260723,132.17973696777335,239.72751159816616,0.11833260959143287,91.68396250945464,52.04481185406702
19077,IA,0.7381829217310406,0.7563114058174055,180.46952868301568,266.2820275423708,6487.2271660423285,12933.797493550415,148.17240913526166,266.61658230582015,0.018595591197034037,86.2191831458776,81.2762880257908
19079,IA,0.7201141686183489,0.7657060550599227,171.65972414896322,256.50066221280827,11161.563476025069,23844.835339522986,149.74676021737287,254.09110651817656,0.007498369500720666,84.12060894478155,69.04011161698539
19081,IA,0.7258039989086806,0.777221073553595,182.7951343926139,266.36125360285564,11559.057259418172,24658.728943619837,150.0,265.20594932910365,0.03446645470589026,84.26894054600217,70.57186778709888
19083,IA,0.7523538654033021,0.7967285921909592,183.35024333829344,268.6393902517399,8870.314198352677,18350.057270827667,147.63342684074,266.9728337131858,0.03366355485608389,86.58330225299804,65.59719108436028
19085,IA,0.664303842667045,0.6907618129441634,198.73877327640588,293.7949135676974,5485.499527054492,12300.26044537125,148.99779405721608,296.10060907189495,0.019501482425307064,86.67771549514691,65.6778239338172
19087,IA,0.7668354295773611,0.7680462121630365,178.07487645498819,262.07468016077013,5833.078920186791,10766.247114761742,148.25465472682288,264.7291412975429,0.014746474706565793,89.2209494880307,51.06442938279568
19089,IA,0.8101703255775272,0.8213343090181515,168.17424321690729,227.71991831008765,9663.757509930087,18721.971928194955,118.07374887997737,193.75740103175113,0.3474900645959875,91.03258970519714,42.359461700778624
19091,IA,0.7375960930971318,0.804092466448011,181.86022658258824,269.79752164502645,10821.819537035595,22269.610750259857,149.7174544236849,267.87900852656054,0.01994156848243697,81.39641174788864,66.35535364650603
19093,IA,0.7697914619598338,0.7798948322466804,201.95122106662282,299.24348531869975,6890.759324567966,15143.528032634627,150.0,301.1779021996622,0.0033924874403947125,87.7516317089747,50.40853075374356
19095,IA,0.7656283719545237,0.7696250524135811,174.0507676644756,257.9291081737462,5738.328658661266,13052.831209778371,148.16671718948476,256.32681436081856,0.015106256134201369,88.99136700992484,56.310281506282095
19097,IA,0.6305884482646389,0.6379397950866652,174.52118392301642,247.07792662132854,4276.643570804357,7483.044851313927,130.50944148784768,251.53010931458755,0.1956839123698572,83.01601760786023,247.60727225506625
19099,IA,0.8065397015172995,0.8108447109209466,175.7733197701104,260.0169484825719,6200.460291664326,13847.315000899775,149.3269109051889,260.6355843847349,0.010528165127400228,90.2492412306939,42.69331045514965
19101,IA,0.7452606137119959,0.7476524043855841,172.35063608954488,254.62245989465032,5157.766959378443,9177.561671450068,149.80995260257575,257.40051590781184,0.031619606495384985,89.20054818219997,48.42114890307589
19103,IA,0.7724894174353351,0.7748372645156827,173.31861594360385,253.67046140647756,6039.224049870147,12710.626418246982,145.0710008807587,253.61506769133422,0.04669428325640941,89.10616184030035,97.13697194324003
19105,IA,0.7591484569078125,0.7628415176044343,176.8449296035798,253.29709377239706,6213.735096200342,12375.266491518467,135.85140949166671,245.6462142988796,0.11559943913235089,88.9329383624655,71.08938232823257
19107,IA,0.7631402080941451,0.7691320478195978,175.74638645046784,260.3884747885172,5330.568023731752,10747.342721901643,149.56344999940202,262.5134902518631,0.006437168736892419,89.65648802461787,40.080509070318435
19109,IA,0.7327270704603485,0.7881663975746994,181.53024562591503,268.99835098059845,11285.57704215105,24043.25831821859,150.0,267.6081509842847,0.014554489556854212,83.50104001835606,64.37692503062173
19111,IA,0.6878851379498444,0.6935576902958634,169.9945527334658,249.4530373744273,5055.8383912029085,8347.03114058111,148.72788645144294,252.4568701425505,0.048049006362509646,86.03171609550367,98.41925299349617
19113,IA,0.772170339361625,0.7784958994739545,162.06111385091384,227.06530300269915,7390.6744005563405,14487.695480037268,121.40972882739332,195.68953501031538,0.2565217043670726,87.9354841339291,76.96345426586444
19115,IA,0.7323650251215963,0.7475096365665905,169.47392400756806,245.36199396715165,6531.550179168896,13365.358734110383,149.68544707880682,250.92369922277797,0.06702579218020115,88.3508753053267,110.90895581947898
19117,IA,0.658369885130627,0.6724652992487824,164.31879426304053,243.8442044837996,5426.38980037564,10502.259252521655,149.4442941335422,246.05238530470046,0.034445810034343376,88.3404769937876,57.68053941302711
19119,IA,0.7076067899283391,0.7348944349168962,189.86540805747174,283.5409343923455,7913.541809886215,17329.466362393214,150.0,284.5389484685745,0.007976655458038426,89.62564297553378,30.500881789252563
19121,IA,0.7111300115284385,0.7318457148607453,179.24501676222349,264.33518942119633,6360.724294674859,12941.307694714684,148.32389123570576,267.8376075268817,0.013719491380781703,85.6645267460317,53.65994113506905
19123,IA,0.7872999701141943,0.7947222593760398,178.53676226016088,264.2347177818889,6027.660976426043,12789.074341445072,148.65436337502038,266.72661669248583,0.020561526056301804,89.342692553519,51.44391887324636
19125,IA,0.7349844672098496,0.7428615798909776,163.21847342062125,240.5417978800409,5187.020406879577,10008.890108535386,145.9891989213915,255.85568591655067,0.045194907465890034,83.50751887968053,147.7867350557288
19127,IA,0.8442499265680626,0.849284283964155,184.0414421330207,271.5964365796886,7036.162882392258,15160.27836327735,148.36933273217159,271.38502259241096,0.01848490958286738,90.48509631350032,48.55148271270164
19129,IA,0.7673446774874655,0.7893043108868618,199.17460814995846,295.6016522193628,5937.188713989226,13262.745748255036,150.0,299.2730319033503,0.01263966235936454,85.66308587903539,59.373994399835134
19131,IA,0.8116387213821107,0.8157813192026488,164.24618628125288,220.6287625952565,9201.46241623193,16852.279370979057,106.4398105186984,176.3736967860246,0.37321760858656816,91.2978544333515,45.40495851573683
19133,IA,0.5773659769355408,0.6197947637022216,184.35258930756294,273.5802756375188,5858.625417350024,12274.434024705133,149.9999293499272,275.2924570994562,0.025573753846160757,90.45759023159926,103.18586222353115
19135,IA,0.6588265181342845,0.6693252810347888,166.07589859681576,244.53894241245453,5195.697987213272,9774.578450863617,148.81744562656806,247.01500471596003,0.024158287669795636,87.77666806212105,52.34983568749872
19137,IA,0.8131338794768118,0.8264174922247586,191.01696870496372,283.601126363351,5949.195616858221,13313.830801228134,149.88249077677492,283.9845302174839,0.00037862654529312014,84.95415853124886,54.746054548058055
19139,IA,0.7673737827593151,0.7761654261254807,167.5742838342933,242.10605119581888,6371.574406816557,13311.223703422269,148.96147024507474,251.1027648628488,0.08580747185749689,89.12917359026771,117.21525084288112
19141,IA,0.71932865487877,0.75355707362494,201.4431126371469,298.1448378999645,10312.42943383193,23090.367132825744,149.99915310627696,298.5412218417138,0.0036945400450517697,91.47618564245128,44.372197382188226
19143,IA,0.7440357671044178,0.7788949532295539,186.64463176629684,273.88779412491084,9932.48457440682,20065.619107120485,149.95950057054415,274.21396832323336,0.007138059994068094,87.27855925823579,41.8147886026659
19145,IA,0.8213051266732364,0.831004828539633,190.0275294107881,282.26051892130624,7422.051127710636,15322.266925855936,149.68065014840656,283.69336414846623,0.0006305074605332302,87.28297601372758,66.56196291452504
19147,IA,0.7261338465242201,0.774223807575876,179.35439508443483,262.90275084291324,10343.654058227428,21619.369556837984,149.95572504302598,261.23314272668426,0.041307782963654865,83.07203812318406,68.43753076069883
19149,IA,0.683874846193323,0.7037149025596529,205.4798235267419,304.5779510840949,6250.873181646926,14791.166452829251,149.92051309245377,306.91951158334774,0.0004791470210686041,87.68163719738088,36.26300287022311
19151,IA,0.7403736828515102,0.8033951216954044,181.25696730491444,268.79201878521604,11225.986484620062,23842.251134318263,149.96689124922068,266.9439654583621,0.00456735306497148,83.18358478240998,70.00649150090871
19153,IA,0.7444608743843834,0.7841961901122451,176.8030809482776,260.10963484328806,8167.571415768724,17462.538845504416,149.3274165788425,270.9622355825138,0.023688531331727613,78.90479846586945,118.31938330253789
19155,IA,0.758899922742548,0.7771067146048857,200.29610275653752,297.2808065968146,5416.614077269581,12478.908431798982,149.92722271504954,300.3430667891991,0.012693037727557456,85.58304374959023,50.16147893328972
19157,IA,0.8169873548664784,0.8188443647993435,177.5593664037678,263.7666245338282,6107.820338488937,13030.290770088113,149.21194163941996,263.2984231708279,0.002169803192545795,91.38828890068004,39.459588062213406
19159,IA,0.707313841175099,0.714521505490865,165.84112784039098,243.8024930178695,5817.715334253502,11318.94607786275,148.777358845505,243.99478404339422,0.04321282652496585,88.10688196880429,48.326210335821735
19161,IA,0.7434380643074014,0.7775601636468361,190.42177082172321,281.1248522907104,9155.479170216788,19703.03605820069,150.0,280.77320198131486,0.012125676717643565,86.85931200583971,58.86750995014817
19163,IA,0.823629189781199,0.8269741643008321,178.30218285246428,260.1648604479341,6683.021985025132,13809.583138197895,147.57744628008805,263.84122292062233,0.034862806852723034,86.94165766906357,104.99026989088088
19165,IA,0.7954125492829874,0.8017903583846506,199.75888004987374,297.24709806152356,5252.1804330024115,11741.132750428756,150.0,301.6130107362527,0.0,84.2683992901732,26.05740937055224
19167,IA,0.7228621411971153,0.7426367407870049,197.12186258190735,291.23568305464886,7953.5961229218865,17856.97436947879,150.0,295.0155112259951,0.004539190526239656,91.76806440477677,42.451733397777964
19169,IA,0.7301074818821093,0.7860922861352938,182.7338865832593,270.6761997987892,9422.171892957695,19390.358903363478,149.83485184322953,269.62389950342714,0.015049570051227475,86.12604568667246,70.78404690167142
19171,IA,0.8014983278357312,0.8030731384044837,179.36278071959524,263.4032709305041,6792.018913919102,14998.068316754776,140.63542549208515,253.5107671566405,0.08267309965787291,90.56289738800683,73.53329981018703
19173,IA,0.771603422588129,0.7813446278890231,178.45562435187804,262.9538028231291,6270.697310499725,11762.36633159218,148.75243521514653,262.3699923504911,0.0016207920867853003,88.29316495477076,44.65684928047906
19175,IA,0.7813702839347226,0.7887503376496511,178.84915639071494,263.517136029972,7073.69456758952,13690.38695678988,149.6394218918001,263.2709411102796,0.058228032983369274,86.7023406967747,76.51820833090285
19177,IA,0.6777677392678267,0.6866547491244002,165.60987492834343,245.42439667236897,4391.708012960354,7317.704380207019,148.65422469611664,247.38870412456495,0.022368238856002955,88.89493927587654,67.07039450100343
19179,IA,0.7166717532440704,0.7202079066332819,172.47633352951198,254.96837828918072,5404.145828130611,9815.177444799605,149.68195268236155,259.74778602450067,0.023046027479261943,87.53534392619497,58.53610156545151
19181,IA,0.7115789480821102,0.7198692225640668,174.88547054201996,258.26184351327925,6297.628926496914,13019.038512200183,146.13330332716222,260.9016472498694,0.02867055447231606,85.92474538171867,71.73997193649257
19183,IA,0.7833382735529015,0.7866835072311548,179.93391840463616,266.0439437535885,5941.326527461693,12198.664964084264,149.3418022191903,267.8113982967532,0.014204275268672831,91.37150045035924,49.131435954802114
19185,IA,0.6698004205602437,0.6829316943467115,156.64141623828573,229.23833178078073,6014.4943929804,10915.22359867989,149.8693965176728,229.36068134065,0.1086903718970748,86.84602024635115,51.582655828344414
19187,IA,0.7305099538851131,0.7685178373703571,172.66736178840324,257.880786738631,11008.21503328426,23326.53515133958,149.02395959965236,258.5147745905055,0.009771363681771752,81.29780840654122,73.0588974412407
19189,IA,0.7275352129014104,0.7761223237737646,188.8829888624503,277.584742950198,11541.285661485816,25818.948703611608,150.0,277.81996289897455,0.02875941987841053,84.1473582917185,68.31127131250715
19191,IA,0.7140618930224526,0.7259943296352327,173.89217383241402,241.78782249620582,5496.809388539335,10421.485730801382,132.1719404096076,239.1674685600848,0.2646676253807548,84.39429886361634,63.03443547878143
19193,IA,0.6064663941630258,0.6644579001791312,196.47168869092906,290.9748321576291,5047.836497723124,11828.319141169197,150.0,296.55517264935514,0.0139608130398855,83.121747334367,70.30435524779607
19195,IA,0.7739277551780709,0.7935289226710417,173.1979659875419,237.90803588665608,10545.411259523975,21004.76001558199,131.05373159662926,218.4230735351407,0.1752724294232547,85.39054887974032,66.82364104719188
19197,IA,0.7270437791890823,0.7724957348661347,173.7796152132997,257.80126240893736,11034.332306358645,23433.4101236651,149.95622583747212,255.92958872450038,0.008867651924043514,84.04176251882836,70.63565095973776
29001,MO,0.5453395557469984,0.555449351166247,164.02610681705872,240.3090061718976,4956.811973298937,9908.82639045194,147.33532581936655,240.11344692492457,0.037596176117809896,89.02820577269519,35.52767206962202
29003,MO,0.6962013502070429,0.709295281094059,174.27149239590804,256.9724605154143,5590.986486817495,11495.978082229361,149.73087735302948,257.0796432659482,0.05234184881521387,89.4011513034906,43.2071244309013
29005,MO,0.7069103771828653,0.72860276598157,187.9036856471086,279.71892489688673,5333.163850262768,11562.569508296043,150.0,282.43257436599714,0.01529171734453995,85.09457941838888,42.68649670660027
29007,MO,0.6725382222970275,0.6745527303456644,157.30938809223215,240.59323419205927,4183.141728310427,9371.616150123073,149.75277806483206,241.3519536882884,0.003308870738393034,86.68228145042148,76.12840172894134
29009,MO,0.32374005567890624,0.3314285319404599,86.4025100419968,115.19864434061425,2543.659174077867,3881.90879206008,103.54542405102556,100.80596238851213,0.8511146518531427,84.48586504193426,95.7837332946994
29011,MO,0.6746689332665964,0.6891997094665677,154.2135477728025,209.32531277302664,5211.9675916366705,9256.838684940678,127.64294646860762,210.11911913591277,0.20688397753051477,85.62118361002423,14.726532609472923
29013,MO,0.5743010011765408,0.5988456159945769,138.04950408973988,189.6108039638517,5974.331494589225,12246.78726421662,130.90291006349318,192.1787720740607,0.2049739601904127,87.99003810024738,42.632140731873044
29015,MO,0.4523158063272517,0.4685617602222286,116.73336663429804,154.04852919972996,2898.789831716928,5286.216192345685,117.06307377848405,148.37286177958418,0.6209686142605849,82.04845645642195,163.32295328844128
29017,MO,0.40737223698491043,0.4316494710139124,139.22896983354028,183.87245507964587,4088.8647250540334,6088.093949880407,122.22172198555982,171.92956451024648,0.6008259932463671,82.64319010537577,85.86229788794579
29019,MO,0.5868602652294609,0.5922807028853957,150.59481459320128,221.47410133043994,4021.688966895255,7675.873642189514,141.34084711896278,225.028389929749,0.0958076826904691,86.13633947171326,59.48309542233343
29021,MO,0.6939011880673048,0.7130740361776786,182.34466171213882,272.9143408498227,5649.492758420732,12552.242287348063,145.43590507996922,276.5154493179384,0.06524438996579575,90.02010586608819,60.04352889482954
29023,MO,0.45713506624450606,0.5214447160549646,155.12052768807263,219.48400745901444,3469.0833697699973,5570.382633485806,133.69626004775364,215.91916941852824,0.3667258639344562,86.0242734326063,78.89615892940144
29025,MO,0.6601164263853652,0.6681757880472301,166.3831928776066,240.20526212970293,6172.902173644944,14152.415230943812,145.4784808556383,236.8856338836055,0.052747613019797086,88.65679930450374,37.051803355837976
29027,MO,0.5438097880899504,0.5514723148751667,138.30691382397387,204.9228083439063,3989.3394579231663,7326.46318555061,143.9154628113703,208.69709031811706,0.2010614753450232,86.79156378783644,65.56290773662163
29029,MO,0.3071535758666,0.32722786701279155,99.12914339602199,129.44643367472435,1967.8874714474748,3975.4860825979567,118.1680753433655,124.03157153912218,0.9467612202974619,82.54320817882389,304.5497184413271
29031,MO,0.622311490043132,0.6451395207924853,183.14206729828462,266.9745747273669,4135.579667507616,7359.277471065159,148.3571873664324,271.7247516746536,0.060879994964278865,90.79794556320078,108.82349711877269
29033,MO,0.6492664941290368,0.6606300083898807,170.10441854420583,245.47848995939253,5628.37210605921,12375.83042214551,146.06164824676137,246.28002552914518,0.0690441050160689,88.33743770855791,45.438528684913145
29035,MO,0.3295762407284335,0.3477433055380516,104.28045964294283,137.98729792054112,4360.073394294289,6035.56155314333,134.1812917869076,130.20427376063714,0.8908159668690452,85.40539769514334,82.25446599949697
29037,MO,0.6506233673989148,0.6695597995942408,159.7100716853463,223.88728740926769,6234.14056767893,12071.260230768217,138.37003958854442,226.2380251983141,0.15632787751335406,86.72315020986443,50.087663818730384
29039,MO,0.53595416896526,0.5505607171408133,123.04125691625819,159.94273894427369,4584.788452326728,7600.795059665358,122.72409315591436,154.86910352094768,0.5587634318542154,84.19762891175051,87.72533137118383
29041,MO,0.6504685711355357,0.6621337089432568,169.96093965982166,247.53204822483636,5057.428754502371,11179.252874797572,147.66387846674104,246.9634694481188,0.03346385083778434,88.09824090129084,58.99303562034536
29043,MO,0.36228093450698967,0.37742042511176943,100.46147610932191,135.78482208128312,2819.7141878933426,4279.493085163319,116.3734904597985,118.44266673487162,0.9429917255100063,87.91911693151714,4.9855633258645655
29045,MO,0.5883962836077288,0.6028260417281657,163.03287462583,238.89413707256853,4561.422934500026,8916.358600487294,142.26915620679964,229.88052080804997,0.0902563867681594,88.35868256160241,59.367460597291576
29047,MO,0.6845602570860726,0.6912268524441855,160.1588886350816,236.65240671006754,5171.13646034345,10884.631784395857,146.56190833913482,247.045303810401,0.0567892834604335,82.88573534501435,88.30012383328004
29049,MO,0.6985490225976532,0.7038118064856697,157.1016477837446,232.2949074042744,6224.691577679933,11163.718825045848,148.02737787239113,231.13299941803916,0.054928057726963804,90.34172815949313,37.68428050012739
29051,MO,0.5400719543183025,0.5492338470818671,133.62755388120857,179.56288008475534,3086.8756945839423,5468.396159787209,121.17849107750335,178.97805576056038,0.4024968361456373,84.38639946659869,93.48536163406793
29053,MO,0.6573940369681412,0.6676688674664742,166.4685332561073,238.27639511937792,4109.4210243268835,8135.746045613232,142.04324240068115,232.88512005171978,0.2666081095271795,91.06028121124503,57.39678460741665
29055,MO,0.3602897498304853,0.3717978041448626,103.06848110679384,132.75418017009625,3139.285045099267,5004.614503373481,113.68248681861174,123.20493610687284,0.862538519329617,86.87379462660199,51.93958744920839
29057,MO,0.5648856389263319,0.5756058192986305,124.152516427232,163.70201455089222,4332.271207419417,7124.338611393718,121.82726880517225,154.82762281805597,0.5915785257281128,84.47082176904597,48.59736841055932
29059,MO,0.431739201458532,0.43841095950558945,118.38502789714728,152.48515567746549,3403.785073676537,6005.343501423581,102.44302426788761,131.85681443112523,0.7425381300715275,88.82662767890045,11.998062913151674
29061,MO,0.6568456085061043,0.6753067259323504,163.18222414075385,231.33466681256652,5993.188543109003,13058.666638482113,144.31708011947973,232.39083818377645,0.060363725646136575,90.76232301942804,51.99019814556347
29063,MO,0.674511923443719,0.6804759557702881,157.86601324647185,232.15610367984266,6144.788097237794,14077.852802812678,149.01156666678526,230.2770301439571,0.025529897158121838,88.24208187772697,35.71099078074916
29065,MO,0.36983726097967007,0.38514456698195654,106.4438409374199,142.49939071497354,4064.6404978414666,5373.661433547564,112.73635161382371,124.8576217333667,0.9249240712473724,87.08534906020422,45.27761222365465
29067,MO,0.2970517803660206,0.3319763057515144,99.82198478075611,136.6120291701046,2346.073488540889,4010.329038680286,121.01993772271697,117.14546828806147,0.8467293138799347,87.02027593883437,9.08102952251545
29069,MO,0.5489185228109867,0.6090308451481272,142.47087689635669,207.76034172100267,2816.6112482456665,5909.981753912089,148.76885207734796,216.36471693109775,0.28515245334059924,89.73307550541817,73.78547265732608
29071,MO,0.4865063203016887,0.49325848826158725,140.46876778424647,185.00271730417,3253.3075782839023,5856.795141732001,113.0712603679242,170.89453970750893,0.5477201391962381,87.21173348613371,90.53486686780123
29073,MO,0.42884987199714464,0.43626021721957436,129.28759162059697,165.08361082691937,2857.298684995014,5288.513823994394,114.58476810757809,156.8262266775206,0.6855446731078079,87.97120032065223,55.380896109290624
29075,MO,0.6755616131729412,0.6784740466904399,152.40569850333378,224.63896192509287,5413.240893041118,11612.845341495224,147.78580800673606,223.31083121419627,0.029036914546988635,87.72954741350034,32.704012995604856
29077,MO,0.554015728906984,0.5652016012549391,121.3555840517895,162.3142301903384,3960.393001184057,6513.179376095456,107.94382667423517,141.94307198479535,0.7428246982031185,88.56153698767021,10.716392738058962
29079,MO,0.6766588790727357,0.6842593576620513,153.87308581373568,227.980531992278,5784.848396615636,12555.524213186342,147.85866038215985,227.60531651464166,0.033852037025346955,88.08788388601802,54.97221774016912
29081,MO,0.6860066459827392,0.6895823536144492,163.7239707471702,239.97047112680215,6290.288191496812,13773.643528557472,149.13537949802802,240.5073417758275,0.008111161309827808,87.43934812828176,36.82497561189194
29083,MO,0.6385805980014964,0.6496298044851,153.62150151387698,216.07460207640327,5273.695972806828,9997.93038533817,131.47682477499544,219.23763109600625,0.23051392647851998,84.70480779405226,118.211155225116
29085,MO,0.4374047166584967,0.4436360400061545,107.96511074304486,135.9492609094741,2784.437525645164,5014.484959404983,104.50074505949581,131.69355417735449,0.689915893062778,83.99185338092522,87.2171629651034
29087,MO,0.6568661620996679,0.6774340840236518,179.94844274386458,267.11400247175345,5573.08548708951,12880.895410677062,148.32247267497274,272.41634815946804,0.0288459728551304,85.31470761866917,70.5757882693558
29089,MO,0.6376744906597844,0.6511862547994878,168.43624930637364,245.3179311095965,4163.756503627781,7888.568219321599,140.3888981112916,246.525358096578,0.0534541256789919,88.96637025355899,72.46356360628643
29091,MO,0.4406049387630464,0.4848764989598827,119.56798641520747,164.66444637370284,2592.620559803467,4258.837537228633,112.81983912139383,139.20083957166364,0.6085110174219779,84.9149920197534,24.167205609411177
29093,MO,0.2935506039607231,0.3050462962260734,103.97005751903251,133.30726512865536,4113.016567292943,5810.500029553828,112.45750761498748,119.8658298964119,0.8133812689157671,83.149429300365,57.2623361852564
29095,MO,0.7041321228154576,0.7114148261534544,147.8805409065913,211.27291055801322,4895.7180719631015,10030.590294320316,140.5820177208505,247.51636090307113,0.15981568331930193,74.37241050661757,71.9988411661482
29097,MO,0.681871933376576,0.6882692388187778,145.47965469843314,200.3600174114714,5068.314736657265,9540.293005014511,147.3253047116296,201.8096246315725,0.30557351229932084,92.34110180819579,14.120624180568493
29099,MO,0.36784471086387105,0.3716480369031896,114.88637178854282,145.82172303149676,3735.3285414766715,6129.178285393956,111.18692474441971,148.76371192160204,0.5140933194929314,81.4144303009242,240.2189140395838
29101,MO,0.6496558326538863,0.6597384476142529,160.9356298323337,222.16151241600787,5314.335363766719,9725.837479884944,132.82569990013553,225.42094813366873,0.1506548567981174,88.22095262174928,37.75740718389485
29103,MO,0.6405892311867943,0.6589708265168958,160.54158272242043,241.82233048154154,4871.177913440847,9320.202246580431,149.99574438326232,242.91510709548425,0.0029074697614661087,88.61037755030448,76.89967490156756
29105,MO,0.42822190593719767,0.44188226425906413,109.87689518575569,144.47535713615497,3087.91153726616,5216.075043594467,105.3680562474512,122.54132292619214,0.8993249664495044,88.69233860698051,9.537418846067629
29107,MO,0.7590315746721078,0.7644188895067456,188.8596823124606,279.88948514607813,5828.407257765878,12799.532498329916,147.24129107257846,280.9065170251677,0.03143127289380388,93.34601154502425,76.1637361848006
29109,MO,0.5271104780452545,0.5347242013722928,120.67187691212989,156.49836355475153,4218.778878497036,6914.944296262615,90.1920390005149,125.08715999675758,0.8120916192150553,90.70487041284562,6.883106859902174
29111,MO,0.6510747237310125,0.6600365186342665,165.30488068598711,243.358389409317,4367.918882544874,8470.59064076879,146.66228622124783,244.76884686718608,0.03623311012164809,87.82790058886525,96.24263638630964
29113,MO,0.5545450613067978,0.5628088350788901,147.79783913599547,216.4493709314746,4146.043416566511,7935.098841953509,144.18724060433354,216.5093992746389,0.13898827656486093,88.08877067268745,94.03905697976707
29115,MO,0.5914622243507556,0.6142795663237516,160.7733627147849,238.90623367621816,4911.965883262288,9808.942638404802,147.54982211045683,235.6659170747136,0.030721458600677123,90.0971689435183,52.64505357582252
29117,MO,0.5812181871444372,0.6080469058936995,170.82580729468464,240.31338728052575,6166.882390734821,13343.255182009992,142.37810640284994,240.34843072085448,0.08711960038786105,88.1872028343225,52.94929330707525
29119,MO,0.2994164647496133,0.3073925128809351,81.03314863740583,103.59713394123081,2471.8059070332974,3868.2792674615102,130.99439230790776,102.25027158319753,0.9416533143348385,90.94566420425838,7.711080536660793
29121,MO,0.5546016307259062,0.561769030854188,160.60893825732072,237.18748474453636,4393.597755290831,8666.304181671914,133.81033130188726,216.73004634501976,0.1654546761122341,87.90620677035682,64.05977189390109
29123,MO,0.35520642050679085,0.37413131021356366,118.04300554611456,153.2104168036888,4678.043512151997,6342.094577719326,111.90920779378592,135.96300299962374,0.7718287780235461,84.33800523548307,61.55649164681827
29125,MO,0.3966852886857987,0.4057886716170098,112.61229348615701,141.06497137489202,2589.8459003654234,4688.12522167603,100.17940582482215,121.90720126968888,0.8090986321136456,87.1259249911713,28.102606230214242
29127,MO,0.6368006630573487,0.6462988475749026,163.7121879393246,241.79067786743957,4407.227766258124,8545.746307454827,148.95766284265966,242.53139822575542,0.09997829135474841,88.21380876907513,93.28682118517507
29129,MO,0.6505031501044517,0.6509126461252097,147.41979314398785,220.90975691741406,5044.798840941713,9714.490400604067,148.40125293999324,219.99426976664128,0.032611256993743155,90.6900453087569,24.997044524890317
29131,MO,0.37998934280250896,0.3896787647504561,110.09844954298606,140.80355756257464,2749.4425815893915,4966.746633318149,113.8015446564672,126.87905713738378,0.8094091042520859,87.61762673680703,74.78757897440872
29133,MO,0.4478915893360763,0.5526187501265236,143.7747368282638,205.63125560260815,2991.2108660231547,6652.102673540808,150.0,215.170161957921,0.3795627379892389,85.39237400095098,90.72443907777641
29135,MO,0.6118556706748463,0.6260798458412167,149.85308951829376,202.5981761295941,4213.832010682698,7907.031609292499,133.13360185508367,194.7374863542185,0.33030793051976504,90.41967041635704,37.46336276070519
29137,MO,0.6299347278438177,0.6367137700419218,152.22690604084815,229.3475553078639,4134.031887297091,8886.586402974972,148.76574037804323,229.4242893452433,0.051116085172692685,84.91280143784023,107.80941339746582
29139,MO,0.5704481128815905,0.5738110944980637,145.0342627504367,218.03316208449547,4081.9787972768036,8312.877556789306,141.093265672174,220.43930560382609,0.13820978460637348,84.6483884102696,66.09535644317025
29141,MO,0.4551398319224971,0.46778328694742966,120.8672459372623,159.29015966590168,3080.1589521170795,5852.145662442299,124.48854030921177,143.87215198145816,0.6962369571097098,87.93524666895095,72.10042356938325
29143,MO,0.5709327653419182,0.6224051998783421,146.47702155711465,208.06940507789363,3005.3353071614497,6253.618473113061,150.0,216.0408466305649,0.19652556254597778,87.06688883909261,101.8275449173818
29145,MO,0.4440601765251979,0.45397277290790355,108.89484038675155,139.321097004456,3583.4297049834227,5531.770651268364,93.14337082203578,113.66929046184369,0.8337401287916831,88.95806206963319,8.557429071353873
29147,MO,0.7757135806864033,0.7828370306052452,176.03692826484084,260.6440837037053,6725.564621700769,13477.87589270936,149.95338884346296,261.5041076012291,0.003037414055079167,86.84698131889998,42.57468576232368
29149,MO,0.38100356549889874,0.4136016701083032,104.01227771394069,141.62406624322492,3153.654297296158,4793.1115914459315,117.17651499800348,126.06458076145705,0.7129707298015024,84.85376064243488,30.60832490500145
29151,MO,0.3825969989707163,0.38939588662977076,125.69563741524979,162.89291365473406,2860.4108856742937,5123.704067274221,105.07496993651607,148.87964664600395,0.650526191634336,87.4339407760646,81.90600978505196
29153,MO,0.2721684920111705,0.2964369465974778,93.64898678098383,121.89286276229305,2510.589628649563,4499.526632500699,111.8212390152537,113.1053583311416,0.7877626155009709,80.9715768200437,147.86861898042622
29155,MO,0.4330426525096161,0.5655298387588048,142.94768743237412,208.0278715900677,3241.8527037000863,7282.480922210042,150.0,222.39566195493143,0.3844261644412138,86.28432146944944,100.97610817695058
29157,MO,0.5107971931269732,0.5205168563894097,162.24016951150531,230.72412535339976,4236.64209122329,7365.276300054991,139.2525697736235,232.17890140585672,0.22397898072449363,87.22630031640207,91.85324364397015
29159,MO,0.6499322657305814,0.6578387571136446,162.2492499841395,234.6214307723516,4932.687840982647,9696.625487319827,140.2794753006737,230.56849300287536,0.1900276441192777,91.41378720387746,13.11427346404063
29161,MO,0.3594322969637832,0.37450695708602033,96.57008845702788,121.73394901261875,2542.298016548778,4107.471406449685,91.24058825803355,108.36456623718666,0.9057328632529027,87.63215174887806,26.6243389288592
29163,MO,0.6153388205292765,0.6188954977439672,159.1349341912602,235.74373227055688,4078.9287610727006,7866.430242750244,149.0616538649681,235.27413695220173,0.1649504247325891,88.02203259178921,84.93376314828774
29165,MO,0.6591264721073858,0.673377086154389,172.8188443217504,256.31599527843986,4441.088227674181,8992.083244691325,143.73350085005018,261.69443128354396,0.1003690083866884,88.05486034143942,42.94920006215444
29167,MO,0.5521493540615475,0.5654729933526526,126.62846835469406,163.07726576263312,4069.5507853977506,6908.880750944074,115.71527432175291,151.81958904694932,0.6795926289921822,88.08163112597214,22.47813194175456
29169,MO,0.356174140309757,0.36888136232495977,107.97315435177082,144.7312333646643,2442.1743367766103,4282.461081311465,122.34559198639751,134.24717202192116,0.8764407068041336,87.6124752192149,36.6882066462076
29171,MO,0.5386350370540922,0.5459760432396888,155.27827064194423,229.49024025303703,4643.369371660946,9240.173113048346,140.51543499100853,218.4726530361776,0.13318111847240338,91.02133972073476,34.37469793534708
29173,MO,0.6141448632076526,0.6214872851930859,157.68519803134689,237.29012521579583,3976.7463107323556,8372.429417352289,149.2054875933526,238.20217648136875,0.15698246182444153,86.37788725569375,116.45288208178042
29175,MO,0.5541956083829837,0.5577746588971608,150.52743925059562,218.99084187273516,4150.480983969288,8511.814111977483,139.27749266499785,213.94033493663224,0.1461317282394267,86.2236263977184,67.60141975035573
29177,MO,0.6173059590747662,0.6275224252581943,160.1183038846384,230.9659662229777,5352.804841894916,11138.97766827934,141.86126072712054,231.1815952647176,0.14078544467044457,85.9902334785181,36.32875964060148
29179,MO,0.26882900008673877,0.2798969212407971,96.93776674987238,129.30206614050942,4002.773872362408,5474.8901722278015,123.54395939224135,113.2466956581315,0.9196598790150476,82.54052330562321,124.04076483733962
29181,MO,0.4341739860199861,0.46083665216636127,115.13824669685887,155.39319877569116,4202.799277934006,6043.739214030778,126.47125733752283,144.3901062898426,0.816131118025425,86.18740224033695,59.93336518655158
29183,MO,0.5553325812834776,0.5663398613497215,143.67651086945227,212.30801409696724,3940.1286888337354,8003.168166969308,147.0637911698614,227.45057070335776,0.09641123500772769,79.72598809050734,161.92938659744812
29185,MO,0.5462612000905339,0.5548864323088227,118.47820060757402,154.4760066461996,4232.271490800232,7106.238876297088,110.73655957107714,154.09762257563648,0.6109784082971672,82.33190431908845,92.50624163936062
29186,MO,0.40715674889063475,0.4188398173591769,128.9063093779849,170.41400877092718,3781.7978599345943,6140.5653189335435,112.3210531019479,161.11477978556752,0.5882458492467355,83.3953057916754,170.87547686323438
29187,MO,0.46848060756165444,0.4858540126143264,136.36204810899122,175.03315439732745,4201.72173802277,6231.6311851988185,105.62666909960377,161.2642460504993,0.5948060728054693,83.66526613415408,102.92314332252681
29189,MO,0.5949639499258396,0.6069542840063615,119.43575053486994,179.15059183445538,2496.361720694333,4602.11711935988,145.93134788405868,255.3336020052293,0.10007415504490544,57.58867306959745,204.8018849842005
29195,MO,0.7354984536064372,0.7413565075200006,186.140332856261,276.48340582500776,5149.467978439204,10671.540761622497,149.28787359644858,278.42757172998205,0.04563465350452289,90.6219598941055,48.58280407794231
29197,MO,0.5498897747784063,0.5556456229846934,160.43157555169572,240.81784532826134,5083.293201252899,10955.469045799557,146.66650959680905,236.61068207459945,0.041080221543933,91.65189487372061,29.79844421211587
29199,MO,0.6683006813160522,0.6786601270573583,167.06800695740546,244.02875813481097,4486.528820086899,8085.416756768184,149.99324811379478,245.92583805468826,6.820087075970374e-05,90.62141251072389,57.31149725366838
29201,MO,0.44966471916477696,0.5199790692940198,139.74777461090866,199.11771404008906,3071.7213774036377,6033.883312562162,150.0,209.34145596434007,0.3996753358731023,88.49918990927854,67.42548789802663
29203,MO,0.2886918471127285,0.30415157798014353,94.73235025930485,128.1298899100269,3699.8579396634714,5148.581093566395,113.6911774041705,108.8191981813226,0.8897074999178425,84.8570239778295,14.725413121242976
29205,MO,0.6605311556525145,0.6675669624950772,157.48831801527282,239.03138319761604,4351.853706576621,9634.612351796235,149.86356543944416,240.1968475544294,0.012074275149701708,86.84081899671703,83.841621695471
29207,MO,0.5401704496455612,0.615549040119648,169.66564249743192,243.6831954298941,2879.9431776151428,5692.78453810889,138.13071093415692,244.95005181890696,0.12232335178149338,87.08109196537187,80.42280988003397
29209,MO,0.2548750365930393,0.2601159547453966,69.44100244397488,86.15157891791834,2713.1304812069743,3890.147046899708,117.40176207605958,81.14324756985764,0.9194543574803727,79.46906641442301,693.9101998865336
29211,MO,0.5766717789957496,0.5903185901246593,148.17519596075726,222.42547125824518,4079.671986277699,8043.232621727286,143.9601370421199,217.10877637938233,0.06403478582081275,92.73914736857265,50.23487653080761
29213,MO,0.21402769794966894,0.21862320600981935,74.7374003135592,91.0040856884725,2326.7365233681144,3782.977555010343,90.06091365924094,93.82055790887843,0.9515778101593698,77.9022973867198,198.168666907728
29215,MO,0.35555514339206956,0.3858796787830449,100.4028671029565,128.7292811137448,2354.9909461180814,3953.570481105895,104.67807853506834,114.81268885866619,0.7698415308605125,85.69715640938556,11.207383780069655
29217,MO,0.6391309322242155,0.6556952772618247,151.32151763566603,200.63340918726615,5475.6951461317485,9717.377806564897,123.84138479600284,201.84628101004094,0.20231318648351654,85.1476293258614,26.10445324083057
29219,MO,0.48414730773228193,0.49205276219339494,136.28043236203942,202.17928879208458,3782.149962624688,7184.121709106486,139.5995319161365,205.33378263037818,0.2200270010936741,83.42036419248674,73.7935293838369
29221,MO,0.35624582316236275,0.36246617647199664,96.46438504910552,123.01789633683128,3440.648369832302,5253.813233231014,121.13346196198655,118.95518195306514,0.8063941015071554,84.81202262887922,114.56084788829853
29223,MO,0.33762980945721094,0.3545466284803235,115.54461020609897,153.7192468654269,4542.809275068938,6418.519981234999,123.03366733973219,136.8245880075486,0.8230145551633218,81.5079517806904,195.39968691337305
29225,MO,0.4371603648819431,0.4491887476251553,115.4618041951543,150.61347169811182,3319.6386713518777,5284.700843258657,109.49463675679776,130.1856213205954,0.8423765530908673,88.51824310936996,6.7405159528749
29227,MO,0.6914488940899086,0.6922180645907705,158.9167640022978,234.1689332925586,6579.012607790334,14139.295350682642,148.3078030260909,230.67083292458176,0.015222005224063294,91.56397973746812,37.27608853759983
29229,MO,0.38085988786403113,0.39449892799610253,98.77663496269523,134.83413786222434,3596.994892211782,5312.517960702519,107.17172849665995,109.1006048087267,0.935146085732063,88.9497534507401,9.108703322120473
29510,MO,0.6857240655527443,0.6945350470566538,81.74026909272251,125.79682580858243,1433.092110457414,3201.1529567172784,150.0,268.59923138628585,0.0,31.22182485023458,432.9333060072677
31001,NE,0.6068979543743322,0.6781753948673899,193.30930686808367,289.05362116486447,5302.333734115211,9943.388529059286,149.99959037801952,291.26890418837445,0.04153685055386567,86.10140832367563,10.044280542022117
31003,NE,0.4885765043661288,0.5196164142284361,137.12201338593408,202.4525741962236,3937.369708456008,7728.528605325362,147.5319674653337,199.49829333870733,0.48314979375763256,90.4607407362105,12.39279349950386
31005,NE,0.12039404421030735,0.1995503817308513,70.001676363138,102.15342008613695,2176.4521552852793,4325.01915716347,149.68354983346282,101.51047309274252,0.9721108143026935,92.09456103609223,5.500808302199774
31007,NE,0.0994774063719708,0.2550742258648017,130.15114770878884,175.88586233818464,3506.5670782785432,6636.152148456656,117.98208037476833,175.85552639869556,0.3690724000413433,95.36761215146346,2.414445102739331
31009,NE,0.16349236826256705,0.22631717738961307,71.47854667606141,104.63571432738804,2043.105949676983,4009.7117401238856,149.99623193860808,103.46558007903218,0.9685060094766402,89.86172729336475,13.02242788097229
31011,NE,0.5679761112770673,0.6064283293538326,184.6754257671639,277.4264486883514,4127.301435333304,9071.452771346052,150.0,279.10830929478914,0.11270483600816118,92.63573087489335,12.921851955017644
31013,NE,0.14178827478925338,0.3349116728128389,140.73367319066816,189.44971819187626,4179.911228653571,7763.578226539638,125.46500507369512,180.48397515774118,0.369782338371416,90.72324338405275,4.061580205925467
31015,NE,0.26382874802835465,0.3658849065531137,122.39332745408298,165.81900239996756,4577.113026622269,8636.87216358729,117.20691830337746,165.1149462033176,0.5162160731620921,86.08228359468642,86.27515359143152
31017,NE,0.20291831458044932,0.25666899926739417,79.80616999448995,113.03623869332809,2690.2279459367646,5043.0805014453435,147.28344166734308,112.1270186734344,0.918777841346838,88.98430221617755,18.56119278161125
31019,NE,0.42082495592633756,0.5991802813126726,186.5800604351438,275.1792255668129,4246.215904660148,8726.01956635555,147.43323538293845,274.1622588452234,0.11851817978275832,88.89476535308496,41.50101668514335
31021,NE,0.5980889299163374,0.6658044286020278,181.14651215103186,270.7044639453427,6129.542216528782,13333.851562333291,149.9149095241861,271.636142376396,0.01862203879363908,92.18676096657589,57.87193303492611
31023,NE,0.5747522219222263,0.6228137582754655,185.63674307418188,277.55469564205447,5305.3163053192675,10307.17895510301,149.7964737274868,279.0993688556304,0.03744865234515506,88.08557910580727,24.810188787616312
31025,NE,0.6683146249306918,0.6814176759142823,178.52183779809278,273.58599110173714,5542.063448900623,11370.254819431162,149.21545697226972,274.3934265899689,0.01129580831502542,87.7947692940432,48.61436268788528
31027,NE,0.5700935990050722,0.6137135361078428,183.61752483751147,268.8579450351872,4580.350120211024,9107.620235582537,146.35997483160963,270.55548995584235,0.10709768380820825,91.78461117096724,33.86605223587179
31029,NE,0.16013196773236604,0.30980355193417575,119.16194599839201,164.20833466763946,3350.289931351299,6665.232463173372,131.55778300502035,160.11743098900052,0.5114584455800357,93.22845913122735,8.945402077662017
31031,NE,0.12471732948090782,0.2037471743802394,72.67775017227913,105.02720111351623,2560.405575498558,4920.862379524482,147.42453748376948,104.76328573227794,0.96588100202809,89.49029928358961,18.41126872503565
31033,NE,0.2031656050882696,0.4244338642062984,154.3270405449799,211.8601825565696,4033.3798040351553,7859.990673816289,122.97189702483091,211.3667486123404,0.3069697318430583,96.57966693731578,2.1345959969680433
31035,NE,0.5944985555638702,0.6457100527353683,185.30879613724719,281.35194856704953,5977.279596398044,11418.27038247574,149.966989322849,282.13522886915484,0.0016578709448236174,86.78781097625422,10.723216044781648
31037,NE,0.6107341461798766,0.6595175523123971,187.9134355785665,277.67773434736506,5616.709813351973,11581.916567792476,150.0,278.6046792387135,0.07147311483688155,91.46547047033407,43.14646701724219
31039,NE,0.6622436904592154,0.6993976367033568,189.72425937464615,284.8630971240794,5989.591681975212,12507.529972119448,150.0,286.0314639354987,0.021101413720937188,88.57343781096066,24.288363005464152
31041,NE,0.35201892041754085,0.47593930681951885,174.4343975873998,258.51708160641925,3702.6621984861563,7444.911528168146,150.0,258.53736211174777,0.18408985468049943,86.58226263017241,5.749310288468453
31043,NE,0.5418154484050308,0.610926356517683,188.15885814171315,279.47271578859335,4801.589804080973,9730.659184872384,149.75083860865834,282.43292648777134,0.05684233921410725,90.07833712925948,58.45397547835779
31045,NE,0.12480177844577225,0.2960888974736882,124.40815932150781,166.92233110508633,3482.1760463983387,6430.726565355975,106.10569692578596,159.67804456189074,0.5920681364426782,84.91858841487833,14.73266017612741
31047,NE,0.4163720600241533,0.5800687157068883,195.24523024863916,286.7941617530611,4267.4868961821185,8731.151467307322,149.99597055578712,287.03053300788946,0.056980835402504794,87.49878963548475,22.286280174190924
31049,NE,0.182441222277062,0.40449475328752005,152.58222124196507,203.9084710885192,3564.2580279445874,7740.834124729525,144.24891803259092,205.43303518964018,0.28409264209422586,91.07245763758793,11.487124955544436
31051,NE,0.6045096174637621,0.6565363213633262,193.50839612968642,288.7947165497495,5515.238141845513,11639.892479078557,150.0,290.6462673968617,0.0386615447526062,87.9723868098394,58.27700918780237
31053,NE,0.6018445939088604,0.6595114245848739,177.69779494507551,263.4604280803128,6500.608103847937,14148.849243771085,150.0,264.0788092083684,0.049561369271111065,91.56037193529494,61.490345724252805
31055,NE,0.7380129978525609,0.7606217822956798,149.17130411187665,215.8969651376407,3963.6932134840335,8726.565318678448,132.8782435713098,242.508518005507,0.24606144756664577,70.75115163765248,140.44432533493426
31057,NE,0.11989260851643063,0.2305814405882308,104.36028471409965,154.65822833378414,2209.655440183067,4524.724670312267,149.61466903501784,152.01946934367464,0.5549346130863542,86.52380616269632,13.936813030876731
31059,NE,0.5740505400421477,0.6207974089162711,175.59945313512162,270.86138018751285,5977.693752264384,11867.01312813887,149.9782968340092,270.3613591911578,0.0,88.61204252724119,14.469330236434203
31061,NE,0.4858147134471401,0.6536386450798124,194.66265526186527,288.1846418387404,4478.25395663629,8567.076005765079,143.59040252215428,292.2159374432255,0.0887116981249312,89.23391581189242,17.6777465770055
31063,NE,0.4329171316754878,0.6269319891119693,212.1554142261043,317.6472399318157,4078.7979597132507,7924.170056753506,149.9156819091,321.61490203937115,0.0023986143787730653,91.66204684750102,23.895806624236364
31065,NE,0.4510242110405529,0.6552360286970809,210.61497258929083,313.65488080315606,4312.572743515235,8100.528140656101,149.61933458577656,314.85134963663813,0.013228747395575545,89.5002754408809,9.897051151970945
31067,NE,0.5928140556937838,0.6115027443317496,162.90163822524192,247.37671640990538,5290.68004352062,9712.93989805332,148.67103901986616,248.85591038809395,0.01256656531027765,86.10555203001667,31.267996999927213
31069,NE,0.10885539066070267,0.21572016133870267,88.92907075583256,128.13354033864653,2664.5659958674723,4942.260423216749,145.8741550939261,127.93679105824263,0.8029732483867378,90.13075244150248,23.552041091066112
31071,NE,0.2181515676245299,0.26406255174456633,90.06341991002701,131.5739508191811,2639.819651412948,4927.097857923926,149.95562910043105,130.44751840640788,0.8285747433066599,89.96420858462575,15.701571690371226
31073,NE,0.43670154262921,0.6356473036004571,212.247864683806,317.92172233892836,4282.719449184539,8345.395565928939,149.94178073786136,320.40531372844083,0.000977886097005556,89.65071390736743,38.61428332936532
31075,NE,0.11700700290788206,0.1955788215486404,69.19698698320231,99.89519769562213,2619.273767472747,4639.842376856818,149.96006584389642,99.20388073629358,0.9990808384937796,87.88582501270001,22.88699568340488
31077,NE,0.37886616341552704,0.4931170530641029,167.80749102691766,247.3524846973916,3856.150588747834,7728.840467804615,150.0,247.16437668349744,0.24069183013379744,87.81122310968576,9.052006549135406
31079,NE,0.4275476463435642,0.5488538027206937,159.80346964143246,225.87506427893032,4889.134952219095,9763.064556414563,149.4702661700597,225.53219828050263,0.24245277591222622,86.45224506784072,43.11259514390779
31081,NE,0.601746850688254,0.6537167050577268,186.60752647981505,280.06441724407387,5687.342780776502,10584.043942969329,149.24202720887592,280.7109363935296,0.014287334116353351,86.8877326683634,12.235528463073488
31083,NE,0.46619579550873963,0.6576044428918141,212.4260405931126,316.94372523112224,4174.082316625399,7943.731160247176,149.70171143193562,317.65870001446314,0.009988015472461463,86.17572883167371,154.3608093940486
31085,NE,0.2455401389057607,0.39230595025717563,178.23233647714923,265.97231263281964,2988.7821317519515,7243.200278996026,149.7469463246666,266.04991876009944,0.06648023498345944,98.10970581325735,3.488359523894552
31087,NE,0.27257540225570637,0.4711083163034112,200.30050659661396,299.71193789791437,3382.2940647223104,7225.229749467583,149.57600767689328,301.77034817994365,0.032820728529351306,95.46805547718125,32.63252088067157
31089,NE,0.23715458521498292,0.31120772823969534,89.27030566904733,121.25828269918375,4048.1629703556646,6486.354536276599,146.5951118706856,120.3394611571411,0.8710493244163695,89.75801691719101,25.59584946940127
31091,NE,0.11444778625462346,0.18973346983659425,67.88311692457563,99.22451129092444,1842.7963264848138,3760.4394192152567,149.96131508073105,98.76467254335546,0.9889371427102378,91.7817751080311,2.6636987186978316
31093,NE,0.3948277636538511,0.5299382297482765,171.89330784208238,255.98665608089937,4034.7677326108364,7910.1018773018695,149.99249780312974,255.55228762649693,0.17882179554460728,89.75091099936651,33.11035449316118
31095,NE,0.5518439119780011,0.5863462707683382,167.5630704903216,248.0549826425797,5292.487047607138,10084.103026264323,141.64179555881535,247.8829949434097,0.11668769736624393,88.03529133925888,18.069183435578005
31097,NE,0.5566462179742241,0.5958497484714023,159.11347783491192,236.9103615099058,5197.6105026170035,10650.082455582533,149.39902050376628,237.77313784399823,0.006988133677136401,87.46585947339288,17.167052014369045
31099,NE,0.48816742498367405,0.6294501342257524,176.51335534644923,261.84211446882966,4267.925780135745,8176.010983744388,149.12223192862058,264.2761474990352,0.16493100084136544,90.31422097806009,5.863774126218137
31101,NE,0.17031037789294054,0.3176181714167922,120.21276626365366,175.05722499336125,2989.801012245457,6733.379852834087,145.5650818897771,174.23247776416534,0.5113647910751269,87.88675735396193,72.04765893462347
31103,NE,0.19608767009763203,0.2897382657261755,87.88361227323738,109.88911253619072,3405.744736373761,5930.008639752002,117.96811770117016,107.17853593125093,0.8575895600685446,93.23045880949324,25.56430471852209
31105,NE,0.11318095891216107,0.2616691986820635,100.47113051164283,118.69251509388349,2752.03113347522,4899.1742610159945,91.14596257927748,110.12261343674727,0.7613090357553327,86.41713399744742,9.636283120569939
31107,NE,0.4551760058430507,0.5120881371529048,157.34887568719702,222.72584178639542,4565.992930603119,8682.65334312129,136.31912406246465,223.09322132903546,0.32944875518370403,88.88559134743763,87.41434702877503
31109,NE,0.5956510380631896,0.6246504328190186,162.7581407813174,246.27197560630074,5609.662882692984,11096.59427589257,149.91436011959829,255.1480207261747,0.0007306522398774414,84.08559862347059,23.66070553451813
31111,NE,0.2020110351817009,0.30700863269891554,117.30512390084935,170.84165650693473,2839.087816233019,5659.512948382919,149.716769709722,170.21945210702452,0.5738491733643869,87.68012369459007,21.782842840071762
31113,NE,0.16797813205506013,0.25499862453866395,89.45777624660454,130.4588203231263,2448.168000121222,4668.89999229509,149.97691152423803,129.60599521357526,0.810719506846645,88.6202549753081,5.103263792419814
31115,NE,0.21528449918674927,0.2515592577000362,81.53814891197928,119.09133227901829,2103.9754240618845,4102.602382311965,149.9908187790717,117.58592845597494,0.8878103851974678,88.95112533805846,31.828339296029235
31117,NE,0.1248946168178022,0.2054038051340391,70.01923429110073,102.33442905487102,2089.377993898763,4085.9097954338577,149.93792698104664,101.98048267722648,0.9634986590251605,91.51782876187147,4.365628357395829
31119,NE,0.60493534918876,0.6449862243788526,177.76099271433557,265.01931329725505,5140.084765318627,10111.138162258658,149.9981241460703,264.4694352204433,0.19111683010461336,90.43878359936976,19.228192141306206
31121,NE,0.39154641599140666,0.4794043604739701,141.04199414767336,187.49322980175933,4757.088996190723,9743.902080830456,143.0084046886247,185.6274694248786,0.3899843224520281,95.04381023943868,43.34392473678881
31123,NE,0.10451617694862841,0.23737121627148106,106.04612020043135,150.53222492829306,3050.636351352427,5856.185154951484,135.44005351183023,147.3557275304868,0.6481631114183167,89.506749288666,19.31796044686082
31125,NE,0.4716664886619837,0.5646836382638866,179.70743505948064,264.95818623194293,4423.165006764443,8906.386747689878,150.0,265.7321561828988,0.10047951106040569,89.85957206277911,41.53016070589284
31127,NE,0.5948937487418601,0.6305876457640996,174.94908732859966,264.1266768971765,4890.153925465103,9870.42428789288,148.23538021963049,265.61697841663636,0.01737667553357005,89.2988161339653,28.81579238295743
31129,NE,0.5901101556063761,0.6514570153013541,190.85663669556175,287.76962946834345,5727.749307524592,10711.935974162443,149.90732996354413,288.45201731139554,0.012153785089861233,86.11186353303016,11.45502302602584
31131,NE,0.5930396023755649,0.6287945744676038,168.15394403102846,253.0334626346999,5413.471821366385,11389.95257270552,149.6016800593379,254.64044206094786,0.0018665498465154015,88.46751842022961,26.625024331098757
31133,NE,0.527646235793993,0.5730220838505037,154.2216725787637,227.42864232942497,5487.484687320745,10556.261832418706,145.1770004586235,227.9043364400845,0.057807582065979794,87.64960983748625,18.847951467142504
31135,NE,0.2200555273012824,0.42268576876603153,143.83756405747158,200.88419616482693,4064.049648727486,8135.178107105917,134.52677717783064,198.61199766676984,0.3283486153213409,94.63537605535477,2.779895777340817
31137,NE,0.5205996402548141,0.6906149337400743,197.13651913022585,293.2145021706798,4390.3650889177625,8218.351476883045,149.74942880590166,295.76840768180887,0.05812750693729792,90.22996558969056,9.42406072733572
31139,NE,0.5537172502169325,0.596996451270585,156.1434623839453,229.1369734705837,4940.850142940096,9592.656077756172,149.94737932397462,228.03778855709933,0.2957295974104412,91.45445005421057,22.339262484024466
31141,NE,0.604091239260081,0.6454128334576936,184.27500310943296,276.17996986054374,5221.182599047378,10366.831814343423,149.81907408034877,277.1499273915427,0.09960691273563636,91.04158906593631,34.80858680715507
31143,NE,0.5668483347873121,0.6261206046312788,179.64119245997614,263.03933675232014,5578.426187986073,10318.262163817222,149.61521047006397,264.20655174676904,0.11274801424528265,87.99191535406284,14.117301376287067
31145,NE,0.360603485949609,0.5500937322472335,209.44422365047365,312.8741651179427,4015.925311192116,7214.240152585009,149.8515126308532,313.50088646660976,0.015694930205874525,93.77334283260032,8.097171395358849
31147,NE,0.6279777364929164,0.6533596104411835,176.0305350075781,259.11540501806644,5578.781951075192,11003.071425953774,142.71557143567938,259.88649972098824,0.08187363691936624,90.41259303063109,44.767956261556044
31149,NE,0.22079176289258193,0.27325649547682496,78.91028414119094,112.19613734932267,3176.12191183871,5295.812689271862,148.5239208368794,110.33499987440449,0.9806604803002862,88.65626872063257,26.910330450680647
31151,NE,0.5846997481336962,0.6203712876561219,182.35736966160673,278.8489467695665,5347.360011129962,10925.090336637468,150.0,278.99789794389346,0.0,88.80371239034278,13.538793440205948
31153,NE,0.819197340329916,0.8274369469585624,175.5683184265577,257.7050710896065,4326.433924410011,9913.870330414013,141.11543903380655,267.71114768085715,0.12285859848357976,80.74062592365907,151.61635774470213
31155,NE,0.6360696934130414,0.6536799868906539,173.5107090848691,264.1799904348756,5164.593331114935,10659.108170028214,149.85793578609,265.5471701600518,0.030003949008893763,88.82367814710021,36.08845710917095
31157,NE,0.10152105644458236,0.2763557106685459,143.34318741804748,208.238630912221,3308.8502932808447,6722.696190083247,133.35105701130715,204.71936900769998,0.27954016508434487,94.89551411216694,32.63627042753215
31159,NE,0.5861507467411525,0.6237444052099476,184.87752007477894,278.7682930090627,5229.494964184429,10501.102678169282,149.99776864244407,279.60197791574564,0.0021177773777186484,88.2394367670288,19.585273261288023
31161,NE,0.12105439099025211,0.24027628755968125,96.96603188650472,134.5866586257415,3230.4120321320697,6099.105130211056,135.7520556136233,129.7148777434636,0.7891538051634273,86.98839138606935,19.958966860786013
31163,NE,0.40520653207870433,0.557242488357352,190.71946063393924,281.7570406217713,4546.230956043144,8725.573285446244,149.7992501259245,281.1881627755891,0.06538785600206226,88.27484756514554,24.180470794986167
31165,NE,0.08990922499963079,0.22082526163652644,107.07345754716616,145.39163039188264,3201.5213112149027,6254.86603876096,116.45931743115605,139.59917003511225,0.7104916063611733,85.21805174347305,10.843679160031796
31167,NE,0.5921985856406924,0.6286899636199825,182.52166806369164,272.6055603775089,4680.621231231994,9143.452547770787,149.8514722273393,272.67065664905266,0.1568811046924748,90.25108718816881,18.72289231299305
31169,NE,0.5664471820445468,0.6106513134633105,178.50137829770642,268.8914392078577,4995.9895262436585,9952.57999645409,148.42058202155837,269.45563561727647,0.08202480406208237,89.50792071382087,10.4369320912436
31171,NE,0.1071403127181548,0.17814436070941053,66.8953887495538,97.71674260188038,1788.2143707939567,3690.9692149279454,149.99555729553515,97.0590749141048,0.992474153781504,90.90157337972789,3.8945193208865843
31173,NE,0.6390101777927213,0.677117349370249,198.6812850418122,297.890895956007,5499.63111743847,11246.39031274687,149.38592985637297,300.5663273822428,0.010142220038404367,89.20116990270411,36.87461334553536
31175,NE,0.3875786496218293,0.5286827800011842,194.17289931559696,287.7970205353087,4245.348631766048,8457.089062262976,150.0,288.1586513594232,0.0716285505266552,88.18656916942115,13.150874540826827
31177,NE,0.6603651392133496,0.7051985107480465,192.48022887737145,285.1939175412586,5093.903825445209,10698.072064452212,150.0,287.45215818891216,0.00830815927819379,84.24111640743514,38.200595032322745
31179,NE,0.6894444780323067,0.7237329340445965,198.87166124458582,299.39630215768705,5588.688692419173,11215.259629735381,150.0,300.96185836191216,0.007587642645799146,88.42708358734934,13.026959865242072
31181,NE,0.5162872092000568,0.6246092888217386,194.32564568340504,288.1355248195734,4493.958870488247,8902.6037359573,145.56552373812627,289.32485886478185,0.08215983772205074,90.22941160631977,12.974304147644228
31183,NE,0.23246038828859897,0.27603021730126953,83.01272966976079,120.23387571395764,3367.430176949005,5926.500678020233,149.97667871882197,118.07364164174366,0.9375493564375558,90.01221031869463,17.35556684987151
31185,NE,0.615865438335812,0.6649134606754937,191.74913469836005,288.33764013272554,5906.5548493892065,11014.743792590873,149.98902041345607,289.2267333501474,0.0,85.97355846163224,8.716667520866816
55001,WI,0.31607874336695474,0.34685636552263915,100.93492804922225,135.0624797249865,5175.408910972576,10889.514923782845,143.20251815987606,127.47042435859474,0.8870068763140426,84.35443958670842,237.1339069854714
55003,WI,0.3503707247967379,0.4126312441968657,163.1968832506673,213.95684179139823,9437.414599179392,21606.607486295525,123.2356153286891,218.72816969264557,0.41834907380774944,83.11364354178569,64.11958796198637
55005,WI,0.5232248190616549,0.5405327598395463,160.08794809197676,201.44402478835104,6385.676293494023,11419.584506206756,131.94798244521402,195.66600117499044,0.3661119281524775,84.01343786218953,88.96832383969274
55007,WI,0.320470119309608,0.34742597004623815,107.88878788816625,148.6864616202354,5434.091526021864,11025.23726415158,138.3455810661905,157.51981697792712,0.6548009948166607,82.93931703219968,76.72295550473699
55009,WI,0.501521728931841,0.5156736378496061,142.31329839995362,185.76373308197773,5451.482944415256,9303.851379511341,110.08498483781287,165.03233750627953,0.5367986749797129,84.99549484024716,36.14898824655829
55011,WI,0.4229935437692915,0.4301847830889404,168.62828978754513,220.35917914202625,4882.337856986674,8843.358175999363,136.66866652939555,219.78714297012854,0.18538411591499374,86.44262364755807,270.8919324038521
55013,WI,0.2882579403778612,0.32397241694800494,121.58780510131187,168.837898091769,7368.346887573704,17054.81040665757,144.20312163581562,170.88636951723475,0.7149665295745591,81.1805463075522,226.03202443766918
55015,WI,0.49268132918313357,0.5080324327278858,156.43218024721017,203.4187377964015,7267.983566649584,14874.209728878563,97.3731925197872,173.11346066031365,0.7460923456177326,69.98873143707262,365.8561159482977
55017,WI,0.4847334525948329,0.5155249270209326,162.17019739130222,209.1171731618092,7351.7212014202605,14077.45076668335,125.85878772522125,195.99945703228767,0.39034548281895576,84.22266947531855,99.36769704463288
55019,WI,0.504479110805885,0.5412171825113915,154.3317752439399,182.3947991873346,7407.484914304223,12837.907577501554,88.71953478231187,148.75063569594514,0.6742941243140936,86.85291481684624,41.7702740058648
55021,WI,0.5270604594755799,0.5400236301665503,167.5566374082666,230.26441980681665,7910.134074313439,17938.429894916342,143.68665350635587,240.95805723100437,0.2651328017529644,85.49935290347005,146.84972139519905
55023,WI,0.4689255548477468,0.4716045987846339,171.6077727594411,231.7310087789674,4249.684016502733,6634.643610653823,143.96783146429894,231.71199053522557,0.06407143606554938,83.56579102546934,454.6787082325578
55025,WI,0.6005537967972298,0.613442515219605,174.48071949896058,228.18228057133447,7067.686002930658,14702.370453062016,131.89775616533973,235.86862507832927,0.200741091417208,84.72379766033393,146.85459819417935
55027,WI,0.6252934182331107,0.6593776227194253,192.11788988927287,263.11974460779237,8449.879356244048,20728.626130748187,143.21513257203296,280.16608435610823,0.08253733134162818,84.61142470925411,146.80292351209263
55029,WI,0.41492021254475037,0.4411656450627713,124.64844169415808,158.2587993713017,5850.635541003683,12053.355857417075,97.21972051755863,162.11419081468463,0.6734266547626674,87.59931678916972,68.54297857772234
55031,WI,0.2940478454827015,0.3523317859253514,133.2598973061005,179.61669215530728,7755.831978092558,17200.38747102219,135.95754050804146,185.8317312727487,0.5295865008592873,84.6121669320791,76.01023089172517
55033,WI,0.4764693384524125,0.4903639518346481,139.22430661445878,176.55694222451393,5011.573346071457,9157.075280502495,129.19089523745234,177.0628351668856,0.5021258859450171,88.7409911471154,121.77301787275111
55035,WI,0.4126806723125778,0.43241787962106965,123.59066908434573,152.4542783849233,4978.879489596447,9349.427786013606,117.07738058147312,149.29314301890503,0.6030399501110428,88.67831165998379,86.17497768578079
55037,WI,0.39274654998900427,0.4414139538531688,157.43934890724816,201.80799680431443,7181.435067816796,16750.591730971708,145.75907597481205,203.63953987304183,0.5076138711187828,82.54186133660832,110.58140051367276
55039,WI,0.6084106569836323,0.6164528835514205,187.85354575284117,250.3930343100799,8162.336774130255,16317.950525190692,125.35996470069128,238.38301716453265,0.36575528250417066,83.92362225886974,155.8481147085722
55041,WI,0.3670789598959764,0.4411161369189226,190.92610702037902,239.81863444687409,9615.83738201986,23879.54020060015,137.0726530034821,238.47055548516892,0.41591174297313727,82.47352711960212,122.77408350097012
55043,WI,0.6007579014569024,0.6017424891698989,169.50756905044366,225.15533243843592,4274.291223213742,7543.835090930702,132.20168269682932,228.68080359565735,0.22247998474167538,85.31147807628122,253.8584164953232
55045,WI,0.5831337608137592,0.5933153947715005,157.46433652828148,194.10251642426016,5497.305756494079,9460.836495113937,109.11708274002869,191.37752149726137,0.4407505487244693,88.59818226352442,52.650663927288726
55047,WI,0.5008894335568745,0.5119122221525589,167.341162450079,227.69482927830373,9285.313249574474,20963.48902283596,143.27839611301394,232.9165916099665,0.24175053091835608,84.85217187629664,225.3955206580405
55049,WI,0.5474215778582506,0.552462103136438,159.36591916545154,193.13177832744339,5130.668029830694,8698.83063022968,116.84617872398958,193.13714120877202,0.3821078417802312,88.05071476396319,102.7606320487932
55051,WI,0.2831099657773137,0.3564483251511657,181.65577757461654,237.0429588948833,11981.147614159556,27416.56276215492,112.32525343807151,218.090947873565,0.6304312628078104,83.12313188418578,131.89877868930225
55053,WI,0.3596629457930287,0.40352568261364974,147.64809878065446,188.04607713364717,8080.393979411676,17531.274439581233,131.54889172559095,184.45420754621645,0.582717684402557,87.14489828485027,94.29273404769987
55055,WI,0.503869203371204,0.5199478158684058,183.87228507405104,249.83706658293673,9688.218459248441,23549.271600713364,146.05714063533125,260.0677765740621,0.1290224282038453,85.65328531620003,140.09132249216685
55057,WI,0.32098161810341214,0.36329189761168235,135.51233113230273,168.407762509443,8292.448799610169,15735.90171204364,131.62194680319206,154.3825657239411,0.6087976863248891,85.08643966558078,134.6314603816369
55059,WI,0.6238076751564922,0.6347753644703774,158.49644169673692,216.11649241555443,7939.169637744814,15125.151063901003,108.82427065928772,177.61466029760987,0.5611616264577205,86.14844450558762,76.68629557446229
55061,WI,0.48681932107890297,0.5111745242153547,158.9290842316397,217.16301718883287,6952.958420934185,13479.79930314183,126.42948046397969,222.09079096115153,0.3581170350190401,86.23207089644592,43.42583234966958
55063,WI,0.4472205710582752,0.4513913167311082,164.51285214234167,223.62056209560478,4672.129968817619,8526.430710770379,144.12767271799342,224.03564389951765,0.15628572557713935,81.20508769145134,331.47506925422584
55065,WI,0.6926320799249897,0.6979242301188089,175.14262855170688,224.0968441606847,5148.09096698967,9174.782367240958,120.42011993943578,222.7083403658038,0.33410968126236357,88.73117775488811,40.830611031819885
55067,WI,0.465814113631435,0.5024920510113926,164.70626609357927,208.2251939156511,7660.232948107251,14878.133378403745,143.9283290842176,203.66719530169962,0.18334677305679417,83.03928200862164,96.81336374379987
55069,WI,0.47037798200210684,0.5167061451284983,172.67595026594785,220.9425124118224,8251.57206174062,17422.838456468682,132.32733655368395,208.2996460450742,0.31407670445992175,82.16847258167131,78.65567155222749
55071,WI,0.46147449054886275,0.4795213113949449,159.09518426827844,214.91549090935175,7352.906146858285,16432.038343462067,119.54740679605484,201.7724452750859,0.5610209224622399,87.52531982430743,66.01132646213743
55073,WI,0.5541245938670694,0.574211133049237,156.2397301045972,195.41791917983994,7079.18090925394,11934.222268292811,119.30122872104047,178.10547542756004,0.41578299805894997,83.39948215527455,71.98455363366155
55075,WI,0.34511190528731495,0.39132058465333575,133.92844281843452,177.09402085061726,8394.675346642125,18494.174169186215,138.59331303426592,174.65018163666247,0.7024507866243223,84.54707307194975,97.00875899165513
55077,WI,0.3926009677242911,0.40359246942018423,164.97960634003033,225.95965296103643,8711.551150925578,21805.317472285733,143.52433101314773,226.14724231877943,0.5173475181044787,89.35513771248083,125.81526168827003
55078,WI,0.39026546790497924,0.4414009723616889,146.4166307066577,189.8686390718402,7652.760068054508,15304.758246092977,147.01987970615224,184.9165649937936,0.6059143213030109,84.65915524338097,179.16101095793567
55079,WI,0.6242570285332649,0.63796774492581,144.36073576537987,194.1344688671919,5123.025820141444,8621.168299774386,96.67631198808934,159.12094000416943,0.6845264164222674,51.691174803532185,30.39849184295508
55081,WI,0.42326858323272115,0.44489550759934404,149.44966255833072,191.68928774181092,5799.867385953446,11012.133232473423,135.95169075999607,187.38566804141345,0.3631026206021894,88.90415533385487,90.8119225011457
55083,WI,0.3719172729457042,0.4042963870848496,141.07442419174967,188.99181358750502,8163.082066560889,16615.680865062568,140.40588355447713,183.21305693324132,0.6053533413030783,84.12513009912479,85.83245601244691
55085,WI,0.31736020175315416,0.38856483045970547,169.59703890381437,230.68157470013273,11417.532127370469,28727.195518067085,147.3994933296972,233.3331662386835,0.6185437190671957,77.97663791546306,267.16622888155814
55087,WI,0.4669787565365688,0.5025998384857935,164.0119867595854,225.71349997974397,7631.028395465405,15586.785020423175,137.15704075130006,234.65240084127657,0.2821602142340759,87.48937237915301,55.72270149735902
55089,WI,0.5003666841382188,0.5099949106434795,147.7451891993596,194.8508075170089,6247.068400936699,11944.084743226422,99.31413001603505,159.83218594257312,0.7309062552902679,85.64042545029626,52.902861052213545
55091,WI,0.49462448867308767,0.5047574738096648,157.27504338772553,210.2031800350446,4789.019165287511,8562.673573787357,140.99121771215246,210.5832890179898,0.3588438839481364,84.33903042026115,334.1280221207001
55093,WI,0.6346403895548635,0.6356811885694759,173.62148271586892,233.65182016786702,4368.5198342190015,7166.079698446319,138.59364405173406,232.9410142134839,0.1726211417097751,87.53574158411597,244.38897433250932
55095,WI,0.4353000608253388,0.4578042861863612,151.73536551864782,195.98292321013062,6719.335809905791,12646.459439811288,137.31966658987972,192.36953334776206,0.43134610782624067,84.93195914098148,102.74459634265048
55097,WI,0.4224259934175467,0.4573531686740876,131.86047662035432,171.94216204442745,7352.967666239078,15317.119356141686,146.8346062089107,170.79708630543914,0.6420005448373516,86.40038035030086,102.82623254022687
55099,WI,0.3863455506995017,0.452596782934138,191.75050960855012,245.02185256993752,11887.004621186867,26233.432651330822,124.18027178850258,238.38172025644155,0.338294029471385,81.2067093504028,81.18599892270352
55101,WI,0.6194243164341413,0.6352102676688356,161.61952624975234,220.19616244649742,8115.8339370158865,16304.943016651403,108.8808404554564,182.79509362858315,0.5620633936354731,87.86215375145416,70.64890566335524
55103,WI,0.4860862739025448,0.49267520565133494,165.39360815562736,218.57538455452743,4346.171968558339,7515.469432713317,136.56225520071578,218.66163689247946,0.20129736439841395,89.89875442343838,79.26209267574566
55105,WI,0.6792763256727056,0.6842736273165809,163.8762452656219,214.47228075789653,6820.539916562811,12462.400856644754,137.44341194074946,223.37759711827425,0.14774442077281066,91.29988807906138,89.8600810402445
55107,WI,0.44049034262618897,0.48867307700783136,185.574985643533,236.86021390782494,10471.029257169284,20363.198183939377,124.88558784017866,222.9979709640678,0.19012579852433364,80.30049262800082,63.709024370862785
55109,WI,0.5871677500509019,0.5995402148232664,152.81255315611796,190.23702385598526,5556.339230214062,8945.766115974799,120.45302560064606,171.95251896154383,0.33215443033709663,84.42326944305742,75.67501954755147
55111,WI,0.4891078959411092,0.4982674406215757,156.91945381038246,193.2692048387222,5153.619274427107,9108.069482140114,125.53333897935455,193.26894218393565,0.302262819153067,87.99692772187333,127.10712776788868
55113,WI,0.3886370067026212,0.436400483056591,169.36946512437996,215.60124558621962,9928.417720795373,21388.281659072632,130.4946184901844,216.08429807141897,0.4140486188053357,77.29004095898902,178.25639857441274
55115,WI,0.39829022519588675,0.4424589069431043,153.53047446629938,203.26549555918422,8545.063762899537,18099.63657646069,143.10404749082275,200.34534147770108,0.4957194956475249,84.862646935049,98.05253584360604
55117,WI,0.4832857473137857,0.49868108029373237,148.13522998518857,194.78251133996196,6855.342802197105,14198.973637616544,108.1638093917683,167.63518037436972,0.7321555643411655,84.97109432659106,60.63894850311951
55119,WI,0.45103372916494405,0.5086147764127291,194.0472536997094,248.76902977972978,11371.486591795525,22120.68398510187,117.69561429717822,226.9963723746813,0.20279834434366245,81.84572262271992,52.64338187890674
55121,WI,0.44321745754192376,0.4523982296188234,159.89028039781434,201.15193393792947,4690.759850856984,8696.37851401552,124.68227687654749,201.0237414216484,0.35612549509245517,90.00796573276322,140.95847725577607
55123,WI,0.5182451482531409,0.52169818985133,178.09913144722432,237.42370652129495,4257.223807896723,6885.761069273692,140.8267596023201,237.56170477163943,0.05259467296998598,87.26382957449813,315.1619192558941
55125,WI,0.2830146444716431,0.3334782475456514,130.23785467411645,175.87937082070732,7624.474404851276,18855.800288390896,137.39873872968465,175.93695732407093,0.8227333585997577,73.65612670899336,317.989758891287
55127,WI,0.6639755085777503,0.6719966825923213,177.12069556352566,237.9178534371473,6837.238831677091,15000.341096912742,146.35998068075082,248.86581934366518,0.12578746049750983,85.51996214920403,183.173261635469
55129,WI,0.3238588853211091,0.358694404487901,132.555948281831,178.21362191735048,7369.603012702724,16515.02635778077,142.2868373487911,179.7200386842955,0.6782245689218293,78.96632919987071,175.19855416295974
55131,WI,0.49727205630931337,0.5179801921055548,175.08727704883168,232.1115211288534,7275.800490759698,15185.802320227474,119.83550110753674,218.1745034469485,0.5471453408954722,86.05014410713443,96.13501666062244
55133,WI,0.5113768122968319,0.530798969367887,161.2599379258814,209.42756199929195,7623.323027704104,17227.086468012607,124.58016516525366,201.28051759182188,0.4531219108646679,82.33906992099699,140.4870467855846
55135,WI,0.4018293285070985,0.43169864091440585,147.02737961874973,202.17775150284706,8887.827033185553,20923.959432995493,148.20639848609144,214.65023815832208,0.44240186279506555,85.91238385499977,116.99787757128868
55137,WI,0.3293134215604834,0.3380249075569806,123.5822664823155,169.29389936303994,6742.30866934883,16984.14341739857,147.78109582632402,174.31454343809227,0.7609928618379169,87.5040133953088,123.36514944843938
55139,WI,0.4919516963506179,0.5053326571739869,157.71260127896795,209.06903365060577,7880.407726274627,16803.572611956526,123.62330822827488,206.921653406538,0.41578251518887904,67.56567690599512,326.771049546838
55141,WI,0.4236056081892246,0.4760958588379022,155.58821324254615,188.34438838651917,8808.05267499554,15805.632195153454,124.65153474132785,177.52466793925288,0.4928191137540099,85.82404700952733,78.49512578617298
